event_name,date,latitude,longitude,rainfall_mm,antecedent_7day_mm,temp_max_c,temp_min_c,humidity_pct,wind_speed_kmh,precipitation_hours,evapotranspiration_mm,soil_moisture,elevation_m,river_discharge_m3s,flood_nearby,landslide_occurred
India_Kedarnath_2013,2013-06-15,30.74,79.07,18.0,53.9,10.1,3.6,99,5.1,17.0,2.91,0.488,3622.0,0.44,0,1
India_Kedarnath_2013,2013-06-16,30.74,79.07,122.3,53.9,7.3,5.1,99,4.3,24.0,1.23,0.492,3622.0,0.47,0,1
India_Kedarnath_2013,2013-06-17,30.74,79.07,157.2,53.9,7.8,4.3,97,6.2,24.0,1.23,0.491,3622.0,0.66,0,1
India_Kedarnath_2013,2013-06-18,30.74,79.07,3.3,53.9,9.1,1.1,99,4.5,11.0,3.19,0.49,3622.0,0.94,0,1
India_Kedarnath_2013,2013-06-19,30.74,79.07,0.0,53.9,9.9,0.9,97,5.5,0.0,4.39,0.488,3622.0,0.94,0,1
India_Uttarakhand_2021,2021-10-17,30.51,79.42,1.4,0.0,18.0,6.9,79,6.8,7.0,1.69,0.292,2545.0,93.84,0,1
India_Uttarakhand_2021,2021-10-18,30.51,79.42,104.6,0.0,13.1,10.2,91,6.5,24.0,0.47,0.404,2545.0,93.41,0,1
India_Uttarakhand_2021,2021-10-19,30.51,79.42,74.8,0.0,13.6,8.1,91,10.4,19.0,0.77,0.427,2545.0,105.66,0,1
India_Uttarakhand_2021,2021-10-20,30.51,79.42,1.1,0.0,16.0,5.5,92,8.0,4.0,2.24,0.409,2545.0,120.34,0,1
India_Uttarakhand_2021,2021-10-21,30.51,79.42,0.0,0.0,16.9,4.0,80,7.7,0.0,3.08,0.396,2545.0,119.23,0,1
India_Chamoli_2021,2021-02-07,30.43,79.57,0.0,18.0,4.1,-11.9,31,10.3,0.0,2.94,0.334,3517.0,0.28,0,1
India_Chamoli_2021,2021-02-08,30.43,79.57,0.0,18.0,5.6,-1.7,38,7.9,0.0,3.16,0.347,3517.0,0.28,0,1
India_Chamoli_2021,2021-02-09,30.43,79.57,0.0,18.0,6.3,2.5,52,8.6,0.0,2.83,0.365,3517.0,0.28,0,1
India_Chamoli_2021,2021-02-10,30.43,79.57,2.9,18.0,2.0,-8.7,70,8.6,5.0,2.14,0.37,3517.0,0.28,0,1
India_Chamoli_2021,2021-02-11,30.43,79.57,0.0,18.0,2.9,-4.9,65,8.4,0.0,2.86,0.374,3517.0,0.28,0,1
India_Uttarakhand_2022,2022-10-18,30.51,79.42,3.0,4.6,13.1,3.2,88,9.4,6.0,2.53,0.36,2545.0,126.35,0,1
India_Uttarakhand_2022,2022-10-19,30.51,79.42,1.0,4.6,11.3,1.8,82,6.6,7.0,2.26,0.362,2545.0,122.31,0,1
India_Uttarakhand_2022,2022-10-20,30.51,79.42,1.9,4.6,11.6,1.1,75,5.6,4.0,2.32,0.363,2545.0,118.67,0,1
India_Uttarakhand_2022,2022-10-21,30.51,79.42,1.9,4.6,12.2,-0.2,79,6.9,3.0,2.67,0.362,2545.0,115.68,0,1
India_Uttarakhand_2022,2022-10-22,30.51,79.42,0.0,4.6,13.0,0.0,76,8.6,0.0,2.89,0.361,2545.0,112.5,0,1
India_Joshimath_2023,2023-07-25,30.56,79.57,2.3,31.3,27.2,20.3,100,8.2,11.0,3.98,0.383,1566.0,4.87,0,1
India_Joshimath_2023,2023-07-26,30.56,79.57,23.2,31.3,25.5,20.5,98,7.4,15.0,2.66,0.407,1566.0,5.12,0,1
India_Joshimath_2023,2023-07-27,30.56,79.57,6.4,31.3,25.7,20.3,96,8.0,12.0,3.4,0.394,1566.0,5.27,0,1
India_Joshimath_2023,2023-07-28,30.56,79.57,5.8,31.3,25.8,20.9,98,5.9,17.0,3.7,0.384,1566.0,5.35,0,1
India_Joshimath_2023,2023-07-29,30.56,79.57,5.2,31.3,25.7,21.0,98,5.2,15.0,2.06,0.395,1566.0,5.37,0,1
India_Kinnaur_HP_2021,2021-08-11,31.52,78.47,4.1,35.8,12.2,4.0,100,7.4,7.0,4.08,0.385,4321.0,17.45,0,1
India_Kinnaur_HP_2021,2021-08-12,31.52,78.47,1.6,35.8,12.1,4.2,94,7.2,6.0,3.89,0.374,4321.0,17.28,0,1
India_Kinnaur_HP_2021,2021-08-13,31.52,78.47,2.8,35.8,12.0,4.0,100,5.2,9.0,3.86,0.369,4321.0,17.11,0,1
India_Kinnaur_HP_2021,2021-08-14,31.52,78.47,3.4,35.8,10.6,4.2,99,5.2,12.0,3.67,0.374,4321.0,16.99,0,1
India_Kinnaur_HP_2021,2021-08-15,31.52,78.47,1.5,35.8,11.2,3.1,100,8.1,6.0,4.03,0.374,4321.0,16.78,0,1
India_HP_Mandi_2023,2023-08-14,31.72,76.93,27.4,62.8,26.6,22.8,98,10.5,24.0,2.01,0.422,769.0,480.95,0,1
India_HP_Mandi_2023,2023-08-15,31.72,76.93,6.8,62.8,30.5,21.5,100,6.9,14.0,4.43,0.407,769.0,531.11,0,1
India_HP_Mandi_2023,2023-08-16,31.72,76.93,0.9,62.8,30.7,21.1,95,5.9,4.0,4.6,0.374,769.0,575.77,0,1
India_HP_Mandi_2023,2023-08-17,31.72,76.93,1.1,62.8,30.4,22.3,100,7.6,7.0,4.33,0.358,769.0,563.94,0,1
India_HP_Mandi_2023,2023-08-18,31.72,76.93,0.0,62.8,31.4,21.5,100,5.2,0.0,4.68,0.343,769.0,548.54,0,1
India_HP_Shimla_2023,2023-08-13,31.1,77.17,21.6,27.4,21.7,17.6,100,12.9,23.0,1.82,0.51,1940.0,1.68,0,1
India_HP_Shimla_2023,2023-08-14,31.1,77.17,51.0,27.4,18.9,16.7,100,7.0,24.0,1.01,0.51,1940.0,1.65,0,1
India_HP_Shimla_2023,2023-08-15,31.1,77.17,1.2,27.4,22.7,15.6,100,12.4,8.0,3.8,0.494,1940.0,1.7,0,1
India_HP_Shimla_2023,2023-08-16,31.1,77.17,0.9,27.4,23.0,14.4,100,14.3,7.0,4.08,0.487,1940.0,1.78,0,1
India_HP_Shimla_2023,2023-08-17,31.1,77.17,2.1,27.4,22.5,14.9,100,16.3,8.0,3.9,0.48,1940.0,1.85,0,1
India_HP_Kullu_2023,2023-08-14,31.95,77.1,54.8,68.0,23.0,19.0,99,6.4,22.0,1.83,0.507,1663.0,106.4,0,1
India_HP_Kullu_2023,2023-08-15,31.95,77.1,5.9,68.0,25.1,18.9,100,5.4,14.0,3.06,0.499,1663.0,107.39,0,1
India_HP_Kullu_2023,2023-08-16,31.95,77.1,0.9,68.0,24.8,18.9,95,5.7,5.0,4.3,0.476,1663.0,116.49,0,1
India_HP_Kullu_2023,2023-08-17,31.95,77.1,0.6,68.0,25.5,18.3,100,6.6,3.0,4.24,0.461,1663.0,123.17,0,1
India_HP_Kullu_2023,2023-08-18,31.95,77.1,5.8,68.0,26.5,17.5,100,6.4,7.0,4.69,0.459,1663.0,116.49,0,1
India_Kerala_Landslide_2018,2018-08-15,9.55,76.62,117.9,195.2,23.6,22.3,100,23.9,24.0,0.58,0.512,45.0,7.34,0,1
India_Kerala_Landslide_2018,2018-08-16,9.55,76.62,81.4,195.2,25.0,22.2,100,18.1,24.0,1.12,0.513,45.0,8.68,0,1
India_Kerala_Landslide_2018,2018-08-17,9.55,76.62,41.0,195.2,25.6,22.1,100,18.4,24.0,1.72,0.509,45.0,8.16,0,1
India_Kerala_Landslide_2018,2018-08-18,9.55,76.62,34.3,195.2,26.1,22.6,100,19.0,24.0,1.86,0.511,45.0,7.49,0,1
India_Kerala_Landslide_2018,2018-08-19,9.55,76.62,21.6,195.2,26.4,22.6,100,20.7,23.0,2.2,0.505,45.0,6.96,0,1
India_Kerala_Munnar_2021,2021-10-16,10.09,77.06,45.6,110.6,19.5,16.9,100,14.5,23.0,1.4,0.424,1485.0,23.43,0,1
India_Kerala_Munnar_2021,2021-10-17,10.09,77.06,55.1,110.6,18.6,17.0,100,14.4,24.0,1.5,0.429,1485.0,23.66,0,1
India_Kerala_Munnar_2021,2021-10-18,10.09,77.06,11.0,110.6,18.6,16.4,100,16.0,18.0,2.12,0.426,1485.0,21.8,0,1
India_Kerala_Munnar_2021,2021-10-19,10.09,77.06,11.4,110.6,21.7,15.9,100,8.9,8.0,2.69,0.418,1485.0,19.94,0,1
India_Kerala_Munnar_2021,2021-10-20,10.09,77.06,28.3,110.6,22.1,15.8,100,6.6,12.0,2.71,0.42,1485.0,19.51,0,1
India_Kerala_Wayanad_2019,2019-08-08,11.61,76.08,62.2,141.9,22.4,19.5,100,17.4,24.0,1.46,0.51,755.0,10.14,0,1
India_Kerala_Wayanad_2019,2019-08-09,11.61,76.08,46.3,141.9,22.3,19.4,100,13.5,24.0,1.35,0.511,755.0,10.64,0,1
India_Kerala_Wayanad_2019,2019-08-10,11.61,76.08,52.7,141.9,22.6,19.1,100,11.8,24.0,1.19,0.512,755.0,10.94,0,1
India_Kerala_Wayanad_2019,2019-08-11,11.61,76.08,12.9,141.9,24.2,19.0,100,15.2,20.0,3.06,0.506,755.0,7.15,0,1
India_Kerala_Wayanad_2019,2019-08-12,11.61,76.08,11.5,141.9,24.0,18.9,100,12.2,23.0,2.59,0.505,755.0,6.05,0,1
India_Raigad_MH_2021,2021-07-22,18.51,73.31,57.0,388.6,26.2,24.2,96,12.7,24.0,0.87,0.509,68.0,10.8,0,1
India_Raigad_MH_2021,2021-07-23,18.51,73.31,73.7,388.6,24.7,22.8,99,9.2,24.0,0.73,0.51,68.0,10.94,0,1
India_Raigad_MH_2021,2021-07-24,18.51,73.31,32.1,388.6,27.7,23.1,98,15.8,24.0,2.32,0.51,68.0,10.46,0,1
India_Raigad_MH_2021,2021-07-25,18.51,73.31,25.1,388.6,28.2,24.3,97,12.1,24.0,2.01,0.507,68.0,9.84,0,1
India_Raigad_MH_2021,2021-07-26,18.51,73.31,25.1,388.6,27.9,24.2,97,15.0,24.0,2.34,0.512,68.0,9.45,0,1
India_Malin_MH_2014,2014-07-30,19.0,73.44,92.7,283.6,25.2,23.9,99,15.0,24.0,0.95,0.439,109.0,68.34,0,1
India_Malin_MH_2014,2014-07-31,19.0,73.44,70.7,283.6,25.5,23.9,100,14.2,24.0,0.87,0.441,109.0,67.71,0,1
India_Malin_MH_2014,2014-08-01,19.0,73.44,28.7,283.6,27.2,24.0,99,17.0,24.0,2.26,0.438,109.0,56.68,0,1
India_Malin_MH_2014,2014-08-02,19.0,73.44,12.9,283.6,27.4,23.8,98,19.3,23.0,2.74,0.443,109.0,42.05,0,1
India_Malin_MH_2014,2014-08-03,19.0,73.44,25.7,283.6,27.4,23.6,99,17.8,24.0,2.35,0.438,109.0,35.9,0,1
India_Pune_MH_2023,2023-07-20,18.52,73.85,3.5,85.6,26.5,22.6,93,32.3,19.0,3.51,0.493,542.0,747.17,0,1
India_Pune_MH_2023,2023-07-21,18.52,73.85,13.3,85.6,26.4,22.7,92,25.3,20.0,2.52,0.488,542.0,495.59,0,1
India_Pune_MH_2023,2023-07-22,18.52,73.85,11.5,85.6,27.1,22.6,94,29.2,23.0,2.79,0.501,542.0,644.65,0,1
India_Pune_MH_2023,2023-07-23,18.52,73.85,8.4,85.6,25.9,22.5,93,28.7,23.0,2.27,0.501,542.0,817.46,0,1
India_Pune_MH_2023,2023-07-24,18.52,73.85,11.5,85.6,26.2,22.8,93,28.7,22.0,3.14,0.503,542.0,1050.96,1,1
India_Sikkim_2023,2023-10-04,27.33,88.61,27.7,23.3,18.5,15.3,100,5.1,23.0,0.81,0.421,1551.0,2.85,0,1
India_Sikkim_2023,2023-10-05,27.33,88.61,3.2,23.3,20.9,15.9,100,7.1,11.0,2.08,0.412,1551.0,3.4,0,1
India_Sikkim_2023,2023-10-06,27.33,88.61,9.2,23.3,21.2,15.2,99,5.8,11.0,2.18,0.405,1551.0,3.45,0,1
India_Sikkim_2023,2023-10-07,27.33,88.61,28.6,23.3,22.0,15.1,100,6.6,17.0,3.06,0.412,1551.0,3.12,0,1
India_Sikkim_2023,2023-10-08,27.33,88.61,19.5,23.3,22.5,14.7,100,6.2,23.0,2.97,0.425,1551.0,2.8,0,1
India_Assam_2022,2022-06-17,25.45,92.45,51.7,111.5,20.7,18.9,99,39.6,24.0,0.91,0.51,1108.0,62.39,0,1
India_Assam_2022,2022-06-18,25.45,92.45,31.1,111.5,23.0,18.7,98,33.5,20.0,1.86,0.507,1108.0,41.76,0,1
India_Assam_2022,2022-06-19,25.45,92.45,14.6,111.5,23.6,18.8,98,29.7,12.0,2.86,0.497,1108.0,29.06,0,1
India_Assam_2022,2022-06-20,25.45,92.45,4.5,111.5,23.9,18.9,99,23.2,7.0,3.3,0.489,1108.0,23.43,0,1
India_Assam_2022,2022-06-21,25.45,92.45,0.4,111.5,24.5,19.2,98,24.5,2.0,3.49,0.478,1108.0,20.43,0,1
India_Manipur_2022,2022-05-01,24.82,93.95,9.3,6.8,29.5,17.6,98,10.4,7.0,4.32,0.378,781.0,3.25,0,1
India_Manipur_2022,2022-05-02,24.82,93.95,3.2,6.8,27.0,18.5,96,11.8,5.0,3.88,0.407,781.0,3.12,0,1
India_Manipur_2022,2022-05-03,24.82,93.95,23.8,6.8,28.8,17.4,94,8.8,13.0,3.43,0.447,781.0,6.82,0,1
India_Manipur_2022,2022-05-04,24.82,93.95,31.0,6.8,25.0,17.7,95,10.5,13.0,3.11,0.491,781.0,12.06,0,1
India_Manipur_2022,2022-05-05,24.82,93.95,0.2,6.8,25.9,16.7,99,7.4,2.0,4.05,0.453,781.0,6.31,0,1
India_Nagaland_2022,2022-06-24,26.2,94.5,3.2,147.5,26.1,21.3,95,6.6,11.0,2.55,0.484,888.0,6.43,0,1
India_Nagaland_2022,2022-06-25,26.2,94.5,2.9,147.5,25.9,21.2,94,6.4,11.0,2.18,0.488,888.0,6.16,0,1
India_Nagaland_2022,2022-06-26,26.2,94.5,1.1,147.5,27.8,20.7,92,11.0,6.0,4.31,0.47,888.0,5.79,0,1
India_Nagaland_2022,2022-06-27,26.2,94.5,2.9,147.5,28.2,21.3,88,11.8,10.0,3.6,0.478,888.0,5.46,0,1
India_Nagaland_2022,2022-06-28,26.2,94.5,7.8,147.5,24.5,21.6,89,5.8,10.0,1.61,0.497,888.0,5.22,0,1
India_Arunachal_2022,2022-07-09,28.21,94.73,22.5,33.1,32.0,22.9,96,7.9,16.0,4.25,0.416,450.0,3.95,0,1
India_Arunachal_2022,2022-07-10,28.21,94.73,2.9,33.1,32.7,23.0,93,8.1,9.0,4.97,0.415,450.0,3.75,0,1
India_Arunachal_2022,2022-07-11,28.21,94.73,4.5,33.1,31.0,23.9,93,5.9,6.0,4.32,0.41,450.0,3.58,0,1
India_Arunachal_2022,2022-07-12,28.21,94.73,4.2,33.1,31.1,23.3,93,6.1,5.0,4.29,0.411,450.0,3.4,0,1
India_Arunachal_2022,2022-07-13,28.21,94.73,0.0,33.1,32.2,23.8,86,5.4,0.0,3.99,0.391,450.0,3.22,0,1
India_Meghalaya_2022,2022-06-19,25.57,91.88,2.4,221.7,22.6,18.8,98,19.1,9.0,2.96,0.487,1513.0,10.12,0,1
India_Meghalaya_2022,2022-06-20,25.57,91.88,2.5,221.7,22.5,17.9,98,13.1,9.0,2.82,0.477,1513.0,7.22,0,1
India_Meghalaya_2022,2022-06-21,25.57,91.88,1.3,221.7,23.4,18.0,99,13.0,9.0,3.23,0.482,1513.0,6.21,0,1
India_Meghalaya_2022,2022-06-22,25.57,91.88,5.2,221.7,23.4,16.7,99,10.5,10.0,3.42,0.486,1513.0,5.31,0,1
India_Meghalaya_2022,2022-06-23,25.57,91.88,9.4,221.7,23.6,18.7,97,16.0,9.0,3.53,0.49,1513.0,4.87,0,1
India_Ramban_JK_2023,2023-07-08,33.24,75.24,19.9,35.4,26.3,20.1,92,7.6,18.0,1.61,0.494,740.0,1201.26,1,1
India_Ramban_JK_2023,2023-07-09,33.24,75.24,0.9,35.4,27.5,22.6,92,8.4,6.0,3.3,0.482,740.0,1917.67,1,1
India_Ramban_JK_2023,2023-07-10,33.24,75.24,1.8,35.4,32.4,20.3,81,5.4,3.0,5.44,0.456,740.0,1650.96,1,1
India_Ramban_JK_2023,2023-07-11,33.24,75.24,0.2,35.4,32.7,21.7,94,6.8,1.0,5.59,0.43,740.0,1281.33,1,1
India_Ramban_JK_2023,2023-07-12,33.24,75.24,0.0,35.4,33.1,22.4,96,7.2,0.0,5.61,0.402,740.0,1134.01,1,1
India_JK_2023,2023-07-14,33.73,74.87,0.0,25.9,28.0,16.2,62,10.2,0.0,5.73,0.208,1962.0,3.55,0,1
India_JK_2023,2023-07-15,33.73,74.87,0.6,25.9,26.1,16.2,74,8.0,3.0,4.55,0.198,1962.0,3.61,0,1
India_JK_2023,2023-07-16,33.73,74.87,12.7,25.9,24.6,16.8,89,9.5,12.0,3.95,0.213,1962.0,3.97,0,1
India_JK_2023,2023-07-17,33.73,74.87,0.6,25.9,26.1,16.1,91,8.0,2.0,4.74,0.212,1962.0,3.66,0,1
India_JK_2023,2023-07-18,33.73,74.87,0.0,25.9,28.0,16.6,72,11.0,0.0,5.17,0.192,1962.0,3.46,0,1
India_Goa_2021,2021-07-25,15.49,73.82,14.6,304.6,27.0,24.9,95,21.7,24.0,2.89,0.329,7.0,13.32,0,1
India_Goa_2021,2021-07-26,15.49,73.82,15.7,304.6,27.0,24.7,95,21.8,24.0,2.93,0.326,7.0,12.0,0,1
India_Goa_2021,2021-07-27,15.49,73.82,12.4,304.6,26.9,24.6,94,23.1,24.0,2.82,0.314,7.0,10.83,0,1
India_Goa_2021,2021-07-28,15.49,73.82,10.9,304.6,27.6,25.0,93,21.3,22.0,3.22,0.309,7.0,9.86,0,1
India_Goa_2021,2021-07-29,15.49,73.82,7.7,304.6,27.8,25.0,95,24.8,19.0,3.06,0.303,7.0,9.07,0,1
India_Karnataka_2020,2020-08-08,15.33,75.13,4.4,138.9,23.9,21.8,98,28.3,18.0,1.45,0.497,611.0,1.95,0,1
India_Karnataka_2020,2020-08-09,15.33,75.13,1.6,138.9,26.5,21.4,98,27.0,11.0,2.99,0.482,611.0,1.11,0,1
India_Karnataka_2020,2020-08-10,15.33,75.13,13.9,138.9,23.2,21.0,98,23.7,21.0,1.45,0.498,611.0,0.73,0,1
India_Karnataka_2020,2020-08-11,15.33,75.13,5.6,138.9,24.4,20.8,98,22.7,24.0,1.71,0.509,611.0,0.94,0,1
India_Karnataka_2020,2020-08-12,15.33,75.13,3.3,138.9,25.6,21.3,98,29.8,19.0,2.65,0.504,611.0,1.01,0,1
Nepal_Jure_2014,2014-08-02,27.82,85.82,17.6,127.7,19.6,15.2,97,6.2,21.0,2.35,0.425,2379.0,210.35,0,1
Nepal_Jure_2014,2014-08-03,27.82,85.82,30.1,127.7,18.5,15.5,98,5.0,24.0,1.81,0.428,2379.0,213.78,0,1
Nepal_Jure_2014,2014-08-04,27.82,85.82,17.5,127.7,19.2,14.9,96,5.9,24.0,2.09,0.426,2379.0,203.64,0,1
Nepal_Jure_2014,2014-08-05,27.82,85.82,6.8,127.7,19.5,15.4,97,8.0,21.0,2.71,0.426,2379.0,193.98,0,1
Nepal_Jure_2014,2014-08-06,27.82,85.82,10.5,127.7,19.3,14.7,99,7.0,23.0,2.42,0.424,2379.0,187.8,0,1
Nepal_Sindhupalchok_2021,2021-07-28,27.95,85.68,14.7,143.1,18.4,14.1,98,4.3,13.0,2.66,0.42,2490.0,7.49,0,1
Nepal_Sindhupalchok_2021,2021-07-29,27.95,85.68,9.0,143.1,19.1,14.4,100,5.2,13.0,2.9,0.421,2490.0,7.32,0,1
Nepal_Sindhupalchok_2021,2021-07-30,27.95,85.68,9.6,143.1,18.7,14.8,100,3.9,15.0,2.68,0.422,2490.0,7.28,0,1
Nepal_Sindhupalchok_2021,2021-07-31,27.95,85.68,27.5,143.1,18.6,14.9,100,6.7,18.0,2.91,0.426,2490.0,6.62,0,1
Nepal_Sindhupalchok_2021,2021-08-01,27.95,85.68,33.6,143.1,18.8,14.1,100,6.3,23.0,2.99,0.427,2490.0,6.21,0,1
Nepal_Mustang_2020,2020-05-25,28.8,83.85,0.1,0.1,15.8,8.8,54,10.2,1.0,4.99,0.025,3780.0,0.0,0,1
Nepal_Mustang_2020,2020-05-26,28.8,83.85,1.2,0.1,14.3,6.1,61,9.6,9.0,4.15,0.03,3780.0,0.0,0,1
Nepal_Mustang_2020,2020-05-27,28.8,83.85,0.2,0.1,16.6,3.8,73,10.5,2.0,4.3,0.043,3780.0,0.0,0,1
Nepal_Mustang_2020,2020-05-28,28.8,83.85,1.6,0.1,12.3,6.1,70,8.1,4.0,3.74,0.046,3780.0,0.0,0,1
Nepal_Mustang_2020,2020-05-29,28.8,83.85,3.2,0.1,10.4,2.7,84,8.4,12.0,2.96,0.074,3780.0,0.0,0,1
Nepal_Karnali_2023,2023-10-04,28.65,82.16,7.0,34.5,23.9,16.5,97,6.6,12.0,2.76,0.414,1242.0,392.55,0,1
Nepal_Karnali_2023,2023-10-05,28.65,82.16,0.8,34.5,24.9,17.2,100,6.4,5.0,3.29,0.394,1242.0,430.52,0,1
Nepal_Karnali_2023,2023-10-06,28.65,82.16,0.8,34.5,24.8,17.9,100,8.8,5.0,3.26,0.383,1242.0,431.51,0,1
Nepal_Karnali_2023,2023-10-07,28.65,82.16,6.1,34.5,24.7,16.1,98,8.5,5.0,3.34,0.381,1242.0,417.79,0,1
Nepal_Karnali_2023,2023-10-08,28.65,82.16,0.1,34.5,24.8,15.6,100,8.3,1.0,3.39,0.375,1242.0,401.72,0,1
Japan_Atami_2021,2021-07-03,35.1,139.08,122.2,295.0,23.8,21.5,100,19.9,23.0,1.25,0.429,45.0,,0,1
Japan_Atami_2021,2021-07-04,35.1,139.08,19.0,295.0,21.8,20.4,100,9.7,23.0,1.04,0.428,45.0,,0,1
Japan_Atami_2021,2021-07-05,35.1,139.08,7.6,295.0,26.7,21.3,100,22.0,13.0,2.04,0.422,45.0,,0,1
Japan_Atami_2021,2021-07-06,35.1,139.08,0.0,295.0,28.2,22.4,95,10.8,0.0,2.24,0.406,45.0,,0,1
Japan_Atami_2021,2021-07-07,35.1,139.08,5.1,295.0,28.2,23.7,98,27.4,11.0,3.0,0.407,45.0,,0,1
Japan_Kumamoto_2020,2020-07-04,32.79,130.75,116.0,282.0,27.5,22.9,99,20.1,17.0,3.42,0.499,24.0,34.08,0,1
Japan_Kumamoto_2020,2020-07-05,32.79,130.75,23.7,282.0,26.3,22.6,99,22.5,21.0,2.49,0.498,24.0,29.13,0,1
Japan_Kumamoto_2020,2020-07-06,32.79,130.75,93.3,282.0,26.1,23.5,100,35.7,24.0,0.87,0.513,24.0,43.98,0,1
Japan_Kumamoto_2020,2020-07-07,32.79,130.75,106.0,282.0,26.7,22.9,100,32.7,24.0,0.95,0.514,24.0,41.56,0,1
Japan_Kumamoto_2020,2020-07-08,32.79,130.75,12.7,282.0,27.5,23.0,97,34.2,8.0,3.83,0.489,24.0,27.18,0,1
Japan_Hiroshima_2018,2018-07-06,34.39,132.45,211.2,215.8,24.4,21.4,99,22.6,24.0,0.61,0.515,10.0,74.68,0,1
Japan_Hiroshima_2018,2018-07-07,34.39,132.45,89.3,215.8,25.9,20.9,98,28.8,17.0,2.4,0.508,10.0,30.48,0,1
Japan_Hiroshima_2018,2018-07-08,34.39,132.45,37.2,215.8,25.6,20.9,96,17.5,19.0,1.99,0.504,10.0,15.22,0,1
Japan_Hiroshima_2018,2018-07-09,34.39,132.45,0.0,215.8,29.5,20.8,98,8.8,0.0,4.82,0.483,10.0,10.27,0,1
Japan_Hiroshima_2018,2018-07-10,34.39,132.45,0.0,215.8,29.5,21.7,99,7.6,0.0,5.06,0.465,10.0,8.1,0,1
China_Gansu_Zhouqu_2010,2010-08-07,33.78,104.37,2.6,30.3,29.5,21.3,98,8.9,6.0,4.16,0.367,1343.0,0.22,0,1
China_Gansu_Zhouqu_2010,2010-08-08,33.78,104.37,8.7,30.3,27.0,20.8,97,7.0,15.0,3.77,0.4,1343.0,0.22,0,1
China_Gansu_Zhouqu_2010,2010-08-09,33.78,104.37,1.3,30.3,28.1,20.8,99,7.9,4.0,3.75,0.385,1343.0,0.17,0,1
China_Gansu_Zhouqu_2010,2010-08-10,33.78,104.37,0.5,30.3,29.5,22.2,98,8.5,3.0,3.94,0.372,1343.0,0.12,0,1
China_Gansu_Zhouqu_2010,2010-08-11,33.78,104.37,9.8,30.3,27.6,22.7,99,6.1,13.0,2.92,0.38,1343.0,0.09,0,1
China_Sichuan_2019,2019-06-24,32.45,103.68,3.6,34.3,20.8,12.3,100,9.6,10.0,3.56,0.362,2710.0,18.36,0,1
China_Sichuan_2019,2019-06-25,32.45,103.68,1.1,34.3,18.2,12.4,100,9.4,5.0,2.36,0.379,2710.0,16.95,0,1
China_Sichuan_2019,2019-06-26,32.45,103.68,0.0,34.3,21.3,8.1,100,11.0,0.0,4.05,0.361,2710.0,14.96,0,1
China_Sichuan_2019,2019-06-27,32.45,103.68,1.2,34.3,20.5,12.8,99,10.9,8.0,2.82,0.347,2710.0,13.69,0,1
China_Sichuan_2019,2019-06-28,32.45,103.68,3.4,34.3,19.1,13.8,96,10.5,8.0,2.22,0.376,2710.0,13.26,0,1
China_Yunnan_2022,2022-01-04,27.35,103.72,0.0,0.0,13.9,-0.5,92,26.3,0.0,2.39,0.115,1946.0,0.36,0,1
China_Yunnan_2022,2022-01-05,27.35,103.72,0.0,0.0,17.3,-0.3,97,22.1,0.0,2.85,0.114,1946.0,0.34,0,1
China_Yunnan_2022,2022-01-06,27.35,103.72,0.0,0.0,12.7,1.0,82,19.6,0.0,2.13,0.11,1946.0,0.34,0,1
China_Yunnan_2022,2022-01-07,27.35,103.72,0.6,0.0,9.8,2.6,84,22.6,5.0,1.43,0.112,1946.0,0.34,0,1
China_Yunnan_2022,2022-01-08,27.35,103.72,0.0,0.0,11.6,2.9,79,17.9,0.0,1.56,0.108,1946.0,0.34,0,1
Indonesia_Sumedang_2021,2021-01-09,-6.86,107.92,38.5,113.7,27.0,21.5,100,9.0,21.0,3.21,0.427,459.0,6.19,0,1
Indonesia_Sumedang_2021,2021-01-10,-6.86,107.92,26.4,113.7,25.8,21.3,100,7.2,18.0,1.91,0.425,459.0,8.98,0,1
Indonesia_Sumedang_2021,2021-01-11,-6.86,107.92,27.8,113.7,26.8,21.4,100,7.6,20.0,2.7,0.422,459.0,10.17,0,1
Indonesia_Sumedang_2021,2021-01-12,-6.86,107.92,34.7,113.7,26.1,21.7,100,8.0,19.0,2.46,0.427,459.0,10.25,0,1
Indonesia_Sumedang_2021,2021-01-13,-6.86,107.92,14.4,113.7,26.4,21.5,99,10.9,11.0,3.47,0.419,459.0,9.4,0,1
Indonesia_NTT_2021,2021-04-04,-8.84,121.66,105.3,150.1,26.0,24.7,100,30.8,24.0,0.82,0.51,55.0,7.13,0,1
Indonesia_NTT_2021,2021-04-05,-8.84,121.66,30.3,150.1,26.9,24.8,94,24.8,16.0,1.55,0.507,55.0,8.16,0,1
Indonesia_NTT_2021,2021-04-06,-8.84,121.66,1.0,150.1,29.1,25.9,87,26.8,8.0,4.05,0.488,55.0,7.43,0,1
Indonesia_NTT_2021,2021-04-07,-8.84,121.66,1.4,150.1,30.0,25.0,94,20.2,7.0,3.93,0.476,55.0,6.82,0,1
Indonesia_NTT_2021,2021-04-08,-8.84,121.66,3.1,150.1,29.4,24.4,97,7.2,9.0,4.17,0.465,55.0,6.31,0,1
Indonesia_Papua_2022,2022-10-21,-4.1,137.08,10.0,144.29999999999998,10.1,5.7,100,10.8,10.0,2.39,0.417,3584.0,7.05,0,1
Indonesia_Papua_2022,2022-10-22,-4.1,137.08,3.7,144.29999999999998,9.8,4.3,100,11.3,7.0,3.23,0.408,3584.0,6.89,0,1
Indonesia_Papua_2022,2022-10-23,-4.1,137.08,3.1,144.29999999999998,10.7,5.8,100,10.2,8.0,3.22,0.395,3584.0,7.15,0,1
Indonesia_Papua_2022,2022-10-24,-4.1,137.08,4.7,144.29999999999998,10.0,4.6,100,10.7,13.0,2.68,0.394,3584.0,6.53,0,1
Indonesia_Papua_2022,2022-10-25,-4.1,137.08,13.5,144.29999999999998,9.7,6.2,100,4.7,13.0,2.36,0.408,3584.0,5.9,0,1
Philippines_Leyte_2006,2006-02-17,10.7,124.87,1.4,127.2,25.6,20.8,99,14.8,8.0,3.55,0.411,454.0,3.16,0,1
Philippines_Leyte_2006,2006-02-18,10.7,124.87,4.9,127.2,24.8,21.2,99,14.0,12.0,2.79,0.413,454.0,2.94,0,1
Philippines_Leyte_2006,2006-02-19,10.7,124.87,2.6,127.2,26.0,21.1,99,11.1,13.0,3.71,0.409,454.0,2.78,0,1
Philippines_Leyte_2006,2006-02-20,10.7,124.87,2.5,127.2,26.2,21.5,98,16.8,15.0,3.23,0.409,454.0,2.66,0,1
Philippines_Leyte_2006,2006-02-21,10.7,124.87,1.9,127.2,25.5,21.0,98,12.4,10.0,3.79,0.404,454.0,2.47,0,1
Philippines_SLeyte_2022,2022-04-10,10.52,124.97,379.2,190.7,24.3,22.8,100,26.3,24.0,0.42,0.43,142.0,15.52,0,1
Philippines_SLeyte_2022,2022-04-11,10.52,124.97,111.8,190.7,25.2,22.8,100,22.4,24.0,1.53,0.43,142.0,14.63,0,1
Philippines_SLeyte_2022,2022-04-12,10.52,124.97,74.2,190.7,25.7,23.6,100,16.5,24.0,1.34,0.429,142.0,15.52,0,1
Philippines_SLeyte_2022,2022-04-13,10.52,124.97,27.4,190.7,27.9,23.3,100,11.4,7.0,2.39,0.418,142.0,14.92,0,1
Philippines_SLeyte_2022,2022-04-14,10.52,124.97,9.3,190.7,29.1,23.7,100,10.7,10.0,3.47,0.412,142.0,12.68,0,1
Brazil_Petropolis_2022,2022-02-15,-22.51,-43.18,6.5,152.1,24.7,18.5,99,10.8,11.0,3.99,0.49,846.0,1.89,0,1
Brazil_Petropolis_2022,2022-02-16,-22.51,-43.18,6.0,152.1,23.4,16.3,99,7.8,11.0,4.09,0.49,846.0,1.86,0,1
Brazil_Petropolis_2022,2022-02-17,-22.51,-43.18,15.1,152.1,25.6,16.3,97,7.1,8.0,4.43,0.491,846.0,1.82,0,1
Brazil_Petropolis_2022,2022-02-18,-22.51,-43.18,27.6,152.1,20.7,17.6,100,5.2,24.0,1.46,0.512,846.0,7.13,0,1
Brazil_Petropolis_2022,2022-02-19,-22.51,-43.18,24.9,152.1,22.2,16.5,99,7.6,16.0,2.73,0.505,846.0,4.56,0,1
Brazil_Morro_2011,2011-01-11,-22.93,-43.17,20.3,38.9,27.6,24.0,99,10.0,19.0,1.78,0.409,0.0,0.33,0,1
Brazil_Morro_2011,2011-01-12,-22.93,-43.17,3.7,38.9,31.8,23.6,96,11.2,4.0,4.47,0.399,0.0,0.34,0,1
Brazil_Morro_2011,2011-01-13,-22.93,-43.17,8.2,38.9,30.5,25.1,96,10.0,15.0,3.56,0.394,0.0,0.26,0,1
Brazil_Morro_2011,2011-01-14,-22.93,-43.17,24.2,38.9,29.6,25.0,96,10.0,18.0,2.64,0.416,0.0,0.41,0,1
Brazil_Morro_2011,2011-01-15,-22.93,-43.17,34.8,38.9,27.7,24.0,97,11.7,14.0,2.27,0.423,0.0,0.55,0,1
Colombia_Quetame_2023,2023-07-17,4.38,-73.87,11.4,38.0,16.1,10.5,99,9.3,21.0,2.51,0.412,2526.0,0.66,0,1
Colombia_Quetame_2023,2023-07-18,4.38,-73.87,12.0,38.0,15.6,8.7,100,11.0,16.0,2.84,0.418,2526.0,0.87,0,1
Colombia_Quetame_2023,2023-07-19,4.38,-73.87,8.8,38.0,15.2,7.9,97,9.7,10.0,1.82,0.413,2526.0,0.87,0,1
Colombia_Quetame_2023,2023-07-20,4.38,-73.87,3.4,38.0,16.1,7.5,98,13.5,12.0,3.56,0.401,2526.0,0.85,0,1
Colombia_Quetame_2023,2023-07-21,4.38,-73.87,8.9,38.0,15.0,9.7,99,12.0,20.0,2.16,0.409,2526.0,0.83,0,1
Colombia_Mocoa_2017,2017-03-31,1.15,-76.65,28.7,59.8,26.4,19.5,100,9.0,20.0,2.01,0.426,598.0,44.39,0,1
Colombia_Mocoa_2017,2017-04-01,1.15,-76.65,30.6,59.8,26.3,19.4,100,5.5,14.0,2.54,0.423,598.0,41.07,0,1
Colombia_Mocoa_2017,2017-04-02,1.15,-76.65,0.7,59.8,27.4,18.4,95,6.4,3.0,3.63,0.404,598.0,35.14,0,1
Colombia_Mocoa_2017,2017-04-03,1.15,-76.65,2.4,59.8,28.6,20.0,91,9.3,11.0,4.3,0.397,598.0,30.92,0,1
Colombia_Mocoa_2017,2017-04-04,1.15,-76.65,0.6,59.8,27.3,19.0,93,10.0,4.0,3.99,0.391,598.0,27.97,0,1
SriLanka_Aranayake_2016,2016-05-17,7.02,80.38,66.7,536.4,26.3,23.4,99,14.4,24.0,2.19,0.477,325.0,15.87,0,1
SriLanka_Aranayake_2016,2016-05-18,7.02,80.38,14.7,536.4,27.6,22.7,99,13.4,16.0,3.23,0.472,325.0,13.69,0,1
SriLanka_Aranayake_2016,2016-05-19,7.02,80.38,18.7,536.4,27.3,23.6,99,12.8,24.0,2.62,0.476,325.0,12.4,0,1
SriLanka_Aranayake_2016,2016-05-20,7.02,80.38,22.3,536.4,27.2,23.3,99,9.6,21.0,2.61,0.464,325.0,11.56,0,1
SriLanka_Aranayake_2016,2016-05-21,7.02,80.38,7.0,536.4,27.4,24.1,97,12.1,15.0,3.0,0.47,325.0,10.72,0,1
SriLanka_2017,2017-05-26,6.82,80.68,28.8,69.0,19.1,15.9,100,19.4,24.0,1.21,0.511,1626.0,1.19,0,1
SriLanka_2017,2017-05-27,6.82,80.68,9.7,69.0,20.0,16.9,100,18.5,24.0,2.28,0.509,1626.0,1.22,0,1
SriLanka_2017,2017-05-28,6.82,80.68,12.2,69.0,19.5,16.6,100,21.2,24.0,2.56,0.511,1626.0,1.19,0,1
SriLanka_2017,2017-05-29,6.82,80.68,25.0,69.0,19.3,15.9,100,22.9,24.0,2.05,0.513,1626.0,1.19,0,1
SriLanka_2017,2017-05-30,6.82,80.68,34.4,69.0,19.0,15.4,100,21.2,24.0,1.42,0.512,1626.0,1.28,0,1
Uganda_Bududa_2018,2018-10-11,1.0,34.33,10.9,7.6,23.5,17.5,96,7.6,13.0,2.96,0.464,1318.0,43.46,0,1
Uganda_Bududa_2018,2018-10-12,1.0,34.33,2.7,7.6,22.7,17.5,89,8.2,10.0,2.65,0.443,1318.0,42.25,0,1
Uganda_Bududa_2018,2018-10-13,1.0,34.33,0.4,7.6,25.8,17.7,89,9.9,2.0,4.4,0.442,1318.0,42.15,0,1
Uganda_Bududa_2018,2018-10-14,1.0,34.33,24.2,7.6,23.5,17.0,93,10.1,15.0,2.91,0.488,1318.0,43.87,0,1
Uganda_Bududa_2018,2018-10-15,1.0,34.33,41.0,7.6,24.2,17.3,97,6.0,13.0,3.38,0.498,1318.0,44.71,0,1
SierraLeone_Freetown_2017,2017-08-14,8.49,-13.23,16.8,60.7,27.4,22.7,100,12.4,21.0,2.94,0.427,0.0,,0,1
SierraLeone_Freetown_2017,2017-08-15,8.49,-13.23,5.6,60.7,26.2,23.9,95,15.3,16.0,2.17,0.419,0.0,,0,1
SierraLeone_Freetown_2017,2017-08-16,8.49,-13.23,15.2,60.7,26.9,22.5,100,23.1,16.0,1.95,0.427,0.0,,0,1
SierraLeone_Freetown_2017,2017-08-17,8.49,-13.23,2.7,60.7,27.0,23.5,95,15.9,10.0,2.97,0.413,0.0,,0,1
SierraLeone_Freetown_2017,2017-08-18,8.49,-13.23,9.3,60.7,26.9,24.0,96,21.9,18.0,3.05,0.405,0.0,,0,1
Italy_Ischia_2022,2022-11-26,40.74,13.89,69.3,67.4,15.4,10.6,87,48.0,22.0,1.62,0.354,156.0,1.15,0,1
Italy_Ischia_2022,2022-11-27,40.74,13.89,0.0,67.4,14.9,10.7,68,43.5,0.0,2.77,0.287,156.0,4.13,0,1
Italy_Ischia_2022,2022-11-28,40.74,13.89,0.0,67.4,13.8,9.9,74,19.5,0.0,1.75,0.259,156.0,2.3,0,1
Italy_Ischia_2022,2022-11-29,40.74,13.89,0.0,67.4,14.4,10.9,76,28.2,0.0,2.06,0.242,156.0,1.52,0,1
Italy_Ischia_2022,2022-11-30,40.74,13.89,0.7,67.4,13.9,10.4,74,31.1,6.0,1.88,0.227,156.0,1.17,0,1
Italy_Marche_2022,2022-09-15,43.6,13.05,2.3,1.0,27.4,21.2,81,34.1,4.0,4.46,0.214,219.0,0.87,0,1
Italy_Marche_2022,2022-09-16,43.6,13.05,0.1,1.0,28.9,20.5,86,27.9,1.0,4.73,0.213,219.0,0.91,0,1
Italy_Marche_2022,2022-09-17,43.6,13.05,11.4,1.0,23.8,11.8,91,44.5,7.0,2.1,0.262,219.0,0.94,0,1
Italy_Marche_2022,2022-09-18,43.6,13.05,0.0,1.0,23.2,8.9,83,15.8,0.0,3.75,0.285,219.0,1.1,0,1
Italy_Marche_2022,2022-09-19,43.6,13.05,2.9,1.0,23.5,14.8,90,21.3,5.0,3.52,0.268,219.0,1.06,0,1
Canada_BC_2021,2021-11-14,49.52,-121.41,96.1,107.2,8.3,4.3,100,7.8,24.0,0.19,0.437,231.0,6.4,0,1
Canada_BC_2021,2021-11-15,49.52,-121.41,66.5,107.2,10.1,2.2,100,12.5,23.0,0.17,0.433,231.0,18.36,0,1
Canada_BC_2021,2021-11-16,49.52,-121.41,5.9,107.2,4.1,0.4,99,11.6,20.0,0.35,0.404,231.0,6.5,0,1
Canada_BC_2021,2021-11-17,49.52,-121.41,0.0,107.2,7.8,-3.7,99,7.5,0.0,0.71,0.394,231.0,4.08,0,1
Canada_BC_2021,2021-11-18,49.52,-121.41,13.1,107.2,3.5,1.3,94,5.4,17.0,0.35,0.388,231.0,3.35,0,1
Turkey_BlackSea_2021,2021-08-10,41.37,36.57,29.2,69.5,24.4,20.9,94,15.4,21.0,1.33,0.424,0.0,,0,1
Turkey_BlackSea_2021,2021-08-11,41.37,36.57,19.5,69.5,25.0,20.7,94,20.1,23.0,2.73,0.423,0.0,,0,1
Turkey_BlackSea_2021,2021-08-12,41.37,36.57,17.0,69.5,26.7,22.0,94,29.8,11.0,3.82,0.416,0.0,,0,1
Turkey_BlackSea_2021,2021-08-13,41.37,36.57,10.1,69.5,26.6,21.8,94,28.0,16.0,4.34,0.414,0.0,,0,1
Turkey_BlackSea_2021,2021-08-14,41.37,36.57,2.5,69.5,24.6,20.7,80,19.8,10.0,3.18,0.385,0.0,,0,1
Myanmar_2022,2022-08-09,19.74,96.15,44.8,90.2,28.8,23.5,97,20.0,23.0,2.78,0.427,108.0,0.67,0,1
Myanmar_2022,2022-08-10,19.74,96.15,27.8,90.2,30.0,23.0,96,14.8,19.0,3.35,0.425,108.0,0.61,0,1
Myanmar_2022,2022-08-11,19.74,96.15,14.6,90.2,31.1,23.1,98,12.5,12.0,4.53,0.416,108.0,0.44,0,1
Myanmar_2022,2022-08-12,19.74,96.15,26.1,90.2,25.7,23.6,98,16.8,20.0,1.01,0.427,108.0,0.53,0,1
Myanmar_2022,2022-08-13,19.74,96.15,15.0,90.2,28.0,23.5,95,21.9,20.0,2.14,0.424,108.0,1.58,0,1
Bangladesh_2017,2017-06-12,22.31,91.83,193.1,77.2,27.5,26.0,95,57.4,24.0,1.56,0.437,4.0,463.52,0,1
Bangladesh_2017,2017-06-13,22.31,91.83,55.6,77.2,29.1,25.6,99,24.9,24.0,1.64,0.432,4.0,562.64,0,1
Bangladesh_2017,2017-06-14,22.31,91.83,10.9,77.2,28.7,24.2,100,18.3,20.0,1.65,0.426,4.0,602.95,0,1
Bangladesh_2017,2017-06-15,22.31,91.83,16.7,77.2,28.0,24.3,99,27.1,17.0,1.92,0.418,4.0,655.15,0,1
Bangladesh_2017,2017-06-16,22.31,91.83,31.4,77.2,27.8,24.6,98,29.0,24.0,2.14,0.433,4.0,700.46,0,1
Ethiopia_Gofa_2024,2024-07-22,-6.78,37.83,0.0,1.0,28.2,18.4,87,15.0,0.0,4.73,0.152,454.0,0.0,0,1
Ethiopia_Gofa_2024,2024-07-23,-6.78,37.83,0.0,1.0,29.0,17.5,74,12.4,0.0,4.76,0.146,454.0,0.0,0,1
Ethiopia_Gofa_2024,2024-07-24,-6.78,37.83,0.0,1.0,29.3,18.4,90,14.1,0.0,4.77,0.142,454.0,0.0,0,1
Ethiopia_Gofa_2024,2024-07-25,-6.78,37.83,0.0,1.0,28.8,18.2,95,12.3,0.0,4.83,0.139,454.0,0.0,0,1
Ethiopia_Gofa_2024,2024-07-26,-6.78,37.83,0.0,1.0,29.3,18.1,85,13.0,0.0,4.73,0.139,454.0,0.0,0,1
Afghanistan_Badakhshan_2014,2014-05-02,36.73,70.81,0.0,30.0,11.0,-0.7,95,5.5,0.0,3.95,0.421,2573.0,4.19,0,1
Afghanistan_Badakhshan_2014,2014-05-03,36.73,70.81,0.1,30.0,12.3,-0.3,95,6.0,1.0,3.79,0.421,2573.0,4.41,0,1
Afghanistan_Badakhshan_2014,2014-05-04,36.73,70.81,1.0,30.0,10.4,1.7,94,4.7,6.0,2.94,0.422,2573.0,4.71,0,1
Afghanistan_Badakhshan_2014,2014-05-05,36.73,70.81,3.9,30.0,11.2,3.6,95,3.8,14.0,3.68,0.426,2573.0,5.31,0,1
Afghanistan_Badakhshan_2014,2014-05-06,36.73,70.81,1.5,30.0,11.8,0.3,96,5.2,6.0,4.07,0.423,2573.0,5.87,0,1
NZ_Wairoa_2023,2023-02-12,-38.87,177.41,7.8,12.1,17.1,11.4,97,15.3,16.0,1.2,0.324,260.0,8.59,0,1
NZ_Wairoa_2023,2023-02-13,-38.87,177.41,81.4,12.1,16.6,13.6,98,31.0,21.0,0.46,0.409,260.0,78.98,0,1
NZ_Wairoa_2023,2023-02-14,-38.87,177.41,74.5,12.1,20.0,16.6,99,25.4,23.0,1.03,0.433,260.0,172.78,0,1
NZ_Wairoa_2023,2023-02-15,-38.87,177.41,6.1,12.1,20.6,13.4,99,20.2,15.0,2.77,0.416,260.0,178.89,0,1
NZ_Wairoa_2023,2023-02-16,-38.87,177.41,22.1,12.1,18.9,11.4,99,16.5,14.0,1.89,0.415,260.0,152.46,0,1
Mexico_Atoyac_2021,2021-10-06,17.21,-100.43,5.7,14.1,30.2,24.4,94,9.1,5.0,4.07,0.405,48.0,2.05,0,1
Mexico_Atoyac_2021,2021-10-07,17.21,-100.43,0.1,14.1,30.8,24.1,95,11.7,1.0,4.34,0.384,48.0,1.77,0,1
Mexico_Atoyac_2021,2021-10-08,17.21,-100.43,10.2,14.1,30.5,24.7,96,11.2,7.0,3.18,0.449,48.0,1.52,0,1
Mexico_Atoyac_2021,2021-10-09,17.21,-100.43,14.9,14.1,31.9,24.5,92,12.7,6.0,4.18,0.432,48.0,1.43,0,1
Mexico_Atoyac_2021,2021-10-10,17.21,-100.43,5.5,14.1,29.8,24.6,91,12.7,14.0,3.79,0.422,48.0,1.38,0,1
India_Punjab_Flat_DryNov,2022-11-01,30.9,75.85,0.0,0.0,30.2,16.3,94,15.5,0.0,3.12,0.215,250.0,1.6,0,0
India_Punjab_Flat_DryNov,2022-11-02,30.9,75.85,0.0,0.0,29.4,17.5,96,13.0,0.0,2.99,0.214,250.0,1.58,0,0
India_Punjab_Flat_DryNov,2022-11-03,30.9,75.85,0.0,0.0,29.4,15.4,90,10.4,0.0,2.73,0.213,250.0,1.55,0,0
India_Punjab_Flat_DryNov,2022-11-04,30.9,75.85,0.0,0.0,29.4,16.1,94,8.0,0.0,2.59,0.212,250.0,1.55,0,0
India_Punjab_Flat_DryNov,2022-11-05,30.9,75.85,0.0,0.0,29.3,16.6,94,13.9,0.0,2.83,0.213,250.0,1.54,0,0
India_UP_Agra_FlatDry,2023-04-01,27.17,78.0,0.0,16.8,27.4,16.0,98,10.8,0.0,4.39,0.298,172.0,247.31,0,0
India_UP_Agra_FlatDry,2023-04-02,27.17,78.0,0.0,16.8,29.9,16.3,94,20.2,0.0,4.84,0.264,172.0,265.69,0,0
India_UP_Agra_FlatDry,2023-04-03,27.17,78.0,0.0,16.8,32.8,16.9,90,18.1,0.0,5.72,0.24,172.0,263.24,0,0
India_UP_Agra_FlatDry,2023-04-04,27.17,78.0,0.0,16.8,30.1,18.0,77,15.3,0.0,5.36,0.224,172.0,259.02,0,0
India_UP_Agra_FlatDry,2023-04-05,27.17,78.0,0.0,16.8,32.4,17.2,75,15.3,0.0,6.08,0.206,172.0,254.27,0,0
India_Rajasthan_Flat_Dry,2023-05-01,26.92,70.9,0.4,3.8,28.4,20.6,91,15.8,2.0,4.75,0.204,240.0,0.09,0,0
India_Rajasthan_Flat_Dry,2023-05-02,26.92,70.9,0.0,3.8,30.9,21.5,82,13.6,0.0,4.92,0.141,240.0,0.06,0,0
India_Rajasthan_Flat_Dry,2023-05-03,26.92,70.9,0.0,3.8,32.6,21.5,90,12.4,0.0,5.55,0.088,240.0,0.06,0,0
India_Rajasthan_Flat_Dry,2023-05-04,26.92,70.9,0.0,3.8,35.7,22.1,77,15.0,0.0,6.09,0.046,240.0,0.06,0,0
India_Rajasthan_Flat_Dry,2023-05-05,26.92,70.9,0.0,3.8,36.5,23.5,67,16.8,0.0,6.88,0.022,240.0,0.03,0,0
India_Haryana_Flat_Dry,2023-01-01,29.15,75.72,0.0,0.9,18.6,6.1,97,9.9,0.0,1.92,0.261,212.0,0.02,0,0
India_Haryana_Flat_Dry,2023-01-02,29.15,75.72,0.0,0.9,18.4,5.2,98,9.4,0.0,1.97,0.266,212.0,0.02,0,0
India_Haryana_Flat_Dry,2023-01-03,29.15,75.72,0.0,0.9,17.1,5.5,100,10.9,0.0,1.88,0.275,212.0,0.02,0,0
India_Haryana_Flat_Dry,2023-01-04,29.15,75.72,0.0,0.9,17.4,4.2,99,11.0,0.0,1.9,0.281,212.0,0.02,0,0
India_Haryana_Flat_Dry,2023-01-05,29.15,75.72,0.0,0.9,16.5,4.1,100,10.0,0.0,1.64,0.282,212.0,0.02,0,0
India_WB_Kolkata_Flat,2023-02-01,22.57,88.36,0.0,0.0,24.5,18.5,81,11.1,0.0,1.82,0.163,12.0,3.22,0,0
India_WB_Kolkata_Flat,2023-02-02,22.57,88.36,0.0,0.0,25.9,15.8,81,16.6,0.0,4.09,0.163,12.0,3.47,0,0
India_WB_Kolkata_Flat,2023-02-03,22.57,88.36,0.0,0.0,25.9,14.1,93,14.7,0.0,3.46,0.165,12.0,3.73,0,0
India_WB_Kolkata_Flat,2023-02-04,22.57,88.36,0.0,0.0,26.9,13.3,96,12.5,0.0,3.75,0.158,12.0,3.76,0,0
India_WB_Kolkata_Flat,2023-02-05,22.57,88.36,0.0,0.0,27.5,14.1,88,9.2,0.0,3.71,0.156,12.0,3.75,0,0
India_Bihar_Patna_FlatDry,2023-01-10,25.61,85.13,0.0,0.0,17.7,7.9,99,12.0,0.0,1.44,0.293,54.0,1869.68,1,0
India_Bihar_Patna_FlatDry,2023-01-11,25.61,85.13,0.0,0.0,18.9,8.2,99,13.7,0.0,1.69,0.296,54.0,1802.02,1,0
India_Bihar_Patna_FlatDry,2023-01-12,25.61,85.13,0.0,0.0,18.6,8.7,99,9.7,0.0,1.67,0.296,54.0,1736.8,1,0
India_Bihar_Patna_FlatDry,2023-01-13,25.61,85.13,0.0,0.0,21.0,9.2,100,9.0,0.0,1.95,0.295,54.0,1677.8,1,0
India_Bihar_Patna_FlatDry,2023-01-14,25.61,85.13,0.0,0.0,23.5,10.2,99,14.1,0.0,2.39,0.29,54.0,1632.05,1,0
India_MH_Nagpur_Flat,2023-01-01,21.15,79.09,0.0,0.3,27.4,16.1,72,10.0,0.0,3.65,0.243,310.0,0.87,0,0
India_MH_Nagpur_Flat,2023-01-02,21.15,79.09,0.0,0.3,27.2,15.1,77,11.4,0.0,3.45,0.238,310.0,0.87,0,0
India_MH_Nagpur_Flat,2023-01-03,21.15,79.09,0.0,0.3,27.8,14.9,78,9.2,0.0,3.25,0.237,310.0,0.87,0,0
India_MH_Nagpur_Flat,2023-01-04,21.15,79.09,0.1,0.3,25.3,16.1,81,11.9,1.0,2.89,0.24,310.0,0.87,0,0
India_MH_Nagpur_Flat,2023-01-05,21.15,79.09,0.2,0.3,26.5,15.1,90,11.8,2.0,3.06,0.244,310.0,0.99,0,0
India_TN_Chennai_Flat,2023-03-01,13.08,80.27,0.0,0.2,30.6,25.0,86,17.3,0.0,5.43,0.136,10.0,,0,0
India_TN_Chennai_Flat,2023-03-02,13.08,80.27,0.0,0.2,30.6,21.7,91,14.0,0.0,5.6,0.131,10.0,,0,0
India_TN_Chennai_Flat,2023-03-03,13.08,80.27,0.0,0.2,30.7,21.5,95,17.1,0.0,5.45,0.126,10.0,,0,0
India_TN_Chennai_Flat,2023-03-04,13.08,80.27,0.0,0.2,31.2,21.3,93,15.9,0.0,5.28,0.122,10.0,,0,0
India_TN_Chennai_Flat,2023-03-05,13.08,80.27,0.0,0.2,31.0,22.2,97,15.8,0.0,5.22,0.128,10.0,,0,0
India_Gujarat_Flat,2023-02-01,23.02,72.57,0.0,2.1,27.2,14.8,80,20.3,0.0,4.9,0.195,53.0,1.12,0,0
India_Gujarat_Flat,2023-02-02,23.02,72.57,0.0,2.1,29.2,13.8,62,17.7,0.0,5.09,0.187,53.0,1.28,0,0
India_Gujarat_Flat,2023-02-03,23.02,72.57,0.0,2.1,30.0,14.4,61,15.6,0.0,4.92,0.179,53.0,1.3,0,0
India_Gujarat_Flat,2023-02-04,23.02,72.57,0.0,2.1,30.6,12.9,67,12.2,0.0,4.87,0.173,53.0,1.28,0,0
India_Gujarat_Flat,2023-02-05,23.02,72.57,0.0,2.1,31.7,14.1,65,9.5,0.0,4.4,0.167,53.0,1.28,0,0
India_Odisha_Flat,2023-03-01,20.29,85.82,0.0,0.0,35.6,19.9,97,16.5,0.0,5.22,0.127,54.0,0.19,0,0
India_Odisha_Flat,2023-03-02,20.29,85.82,0.0,0.0,36.2,21.0,83,20.4,0.0,5.28,0.125,54.0,0.19,0,0
India_Odisha_Flat,2023-03-03,20.29,85.82,0.0,0.0,36.3,20.9,80,15.4,0.0,5.51,0.123,54.0,0.19,0,0
India_Odisha_Flat,2023-03-04,20.29,85.82,0.0,0.0,36.3,20.5,72,15.2,0.0,6.07,0.121,54.0,0.19,0,0
India_Odisha_Flat,2023-03-05,20.29,85.82,0.0,0.0,36.4,20.5,73,14.4,0.0,6.0,0.12,54.0,0.19,0,0
Bangladesh_Dhaka_Flat,2023-01-01,23.81,90.41,0.0,9.4,23.8,11.9,95,8.7,0.0,2.48,0.277,9.0,10.8,0,0
Bangladesh_Dhaka_Flat,2023-01-02,23.81,90.41,0.0,9.4,24.4,12.4,95,9.3,0.0,2.65,0.277,9.0,10.8,0,0
Bangladesh_Dhaka_Flat,2023-01-03,23.81,90.41,0.0,9.4,23.5,11.9,94,11.0,0.0,2.55,0.275,9.0,10.8,0,0
Bangladesh_Dhaka_Flat,2023-01-04,23.81,90.41,0.0,9.4,23.4,13.2,95,12.2,0.0,2.51,0.276,9.0,10.72,0,0
Bangladesh_Dhaka_Flat,2023-01-05,23.81,90.41,0.0,9.4,22.8,12.3,95,14.8,0.0,2.41,0.283,9.0,10.67,0,0
Nepal_Terai_Flat,2023-01-15,27.0,84.0,0.0,0.0,17.8,10.5,98,15.9,0.0,1.18,0.292,90.0,205.54,0,0
Nepal_Terai_Flat,2023-01-16,27.0,84.0,0.0,0.0,17.5,7.7,95,10.5,0.0,1.7,0.29,90.0,203.64,0,0
Nepal_Terai_Flat,2023-01-17,27.0,84.0,0.0,0.0,17.9,6.3,96,9.0,0.0,1.94,0.282,90.0,200.84,0,0
Nepal_Terai_Flat,2023-01-18,27.0,84.0,0.0,0.0,18.2,6.1,98,9.9,0.0,2.03,0.27,90.0,197.15,0,0
Nepal_Terai_Flat,2023-01-19,27.0,84.0,0.0,0.0,18.5,6.3,100,9.8,0.0,1.93,0.255,90.0,194.43,0,0
Pakistan_Punjab_Flat,2023-02-01,31.55,74.34,0.0,9.2,20.4,6.3,90,12.3,0.0,2.52,0.231,219.0,0.58,0,0
Pakistan_Punjab_Flat,2023-02-02,31.55,74.34,0.0,9.2,21.9,6.8,89,12.9,0.0,2.56,0.212,219.0,0.52,0,0
Pakistan_Punjab_Flat,2023-02-03,31.55,74.34,0.0,9.2,22.6,7.0,91,10.0,0.0,2.37,0.189,219.0,0.47,0,0
Pakistan_Punjab_Flat,2023-02-04,31.55,74.34,0.0,9.2,23.5,8.6,98,11.6,0.0,2.93,0.172,219.0,0.44,0,0
Pakistan_Punjab_Flat,2023-02-05,31.55,74.34,0.0,9.2,23.1,8.4,89,10.1,0.0,2.73,0.157,219.0,0.42,0,0
Japan_Tokyo_Flat,2023-01-01,35.69,139.69,0.0,0.3,10.8,-2.2,91,19.1,0.0,1.4,0.277,43.0,0.24,0,0
Japan_Tokyo_Flat,2023-01-02,35.69,139.69,0.0,0.3,8.9,1.1,74,24.5,0.0,1.76,0.278,43.0,0.24,0,0
Japan_Tokyo_Flat,2023-01-03,35.69,139.69,0.0,0.3,8.9,-1.1,70,22.7,0.0,1.83,0.269,43.0,0.23,0,0
Japan_Tokyo_Flat,2023-01-04,35.69,139.69,0.0,0.3,8.6,0.3,70,23.4,0.0,1.75,0.256,43.0,0.23,0,0
Japan_Tokyo_Flat,2023-01-05,35.69,139.69,0.0,0.3,9.3,0.2,67,26.0,0.0,2.16,0.246,43.0,0.23,0,0
China_Beijing_Flat,2023-01-01,39.91,116.4,0.0,0.0,3.3,-5.8,44,14.1,0.0,1.38,0.248,47.0,4.78,0,0
China_Beijing_Flat,2023-01-02,39.91,116.4,0.0,0.0,2.6,-6.0,55,17.3,0.0,1.38,0.248,47.0,4.78,0,0
China_Beijing_Flat,2023-01-03,39.91,116.4,0.0,0.0,1.2,-8.4,44,11.2,0.0,1.1,0.248,47.0,4.78,0,0
China_Beijing_Flat,2023-01-04,39.91,116.4,0.0,0.0,3.3,-8.0,53,10.8,0.0,1.11,0.248,47.0,4.78,0,0
China_Beijing_Flat,2023-01-05,39.91,116.4,0.0,0.0,3.4,-7.8,70,10.4,0.0,0.95,0.249,47.0,4.78,0,0
Australia_Outback_Flat,2023-07-01,-25.0,134.0,1.2,35.4,11.2,6.8,87,19.5,4.0,1.41,0.188,399.0,0.0,0,0
Australia_Outback_Flat,2023-07-02,-25.0,134.0,0.1,35.4,12.1,7.2,92,19.0,1.0,1.23,0.196,399.0,0.0,0,0
Australia_Outback_Flat,2023-07-03,-25.0,134.0,0.4,35.4,12.8,8.0,97,13.8,4.0,1.32,0.198,399.0,0.0,0,0
Australia_Outback_Flat,2023-07-04,-25.0,134.0,0.0,35.4,17.0,5.1,93,16.6,0.0,2.33,0.183,399.0,0.0,0,0
Australia_Outback_Flat,2023-07-05,-25.0,134.0,0.0,35.4,17.9,5.6,95,21.8,0.0,2.59,0.166,399.0,0.0,0,0
Germany_Munich_DryFlat,2023-01-10,48.14,11.58,1.8,7.9,4.4,-1.5,96,23.4,10.0,0.49,0.382,524.0,3.03,0,0
Germany_Munich_DryFlat,2023-01-11,48.14,11.58,3.3,7.9,10.4,-2.2,90,23.1,9.0,1.03,0.382,524.0,3.61,0,0
Germany_Munich_DryFlat,2023-01-12,48.14,11.58,0.0,7.9,8.6,3.7,91,26.7,0.0,1.11,0.395,524.0,3.14,0,0
Germany_Munich_DryFlat,2023-01-13,48.14,11.58,3.4,7.9,10.7,3.2,86,31.1,7.0,1.52,0.383,524.0,3.05,0,0
Germany_Munich_DryFlat,2023-01-14,48.14,11.58,0.2,7.9,9.5,2.5,84,23.2,1.0,0.99,0.387,524.0,2.83,0,0
France_Paris_Flat,2023-02-01,48.86,2.35,0.0,0.9,9.7,5.9,90,25.1,0.0,1.07,0.352,50.0,1.05,0,0
France_Paris_Flat,2023-02-02,48.86,2.35,0.0,0.9,10.5,4.4,93,24.7,0.0,0.87,0.345,50.0,1.12,0,0
France_Paris_Flat,2023-02-03,48.86,2.35,0.0,0.9,10.1,6.4,93,22.4,0.0,0.85,0.351,50.0,1.12,0,0
France_Paris_Flat,2023-02-04,48.86,2.35,0.0,0.9,10.8,7.7,93,13.8,0.0,0.67,0.355,50.0,1.12,0,0
France_Paris_Flat,2023-02-05,48.86,2.35,0.1,0.9,9.4,4.0,95,23.1,1.0,0.94,0.343,50.0,1.12,0,0
USA_Kansas_Flat,2023-03-01,38.7,-98.0,0.0,13.8,12.1,1.9,65,29.8,0.0,3.27,0.32,481.0,0.0,0,0
USA_Kansas_Flat,2023-03-02,38.7,-98.0,0.0,13.8,7.2,-0.9,73,21.0,0.0,1.79,0.304,481.0,0.0,0,0
USA_Kansas_Flat,2023-03-03,38.7,-98.0,0.0,13.8,13.5,-1.8,88,18.4,0.0,2.64,0.295,481.0,0.0,0,0
USA_Kansas_Flat,2023-03-04,38.7,-98.0,1.1,13.8,13.3,2.2,86,15.3,2.0,2.63,0.294,481.0,0.0,0,0
USA_Kansas_Flat,2023-03-05,38.7,-98.0,0.0,13.8,21.8,3.1,74,21.4,0.0,3.61,0.278,481.0,0.0,0,0
Brazil_Amazon_FlatDry,2023-07-01,-3.47,-62.21,0.6,8.8,31.1,23.8,95,7.7,3.0,3.57,0.264,56.0,31.51,0,0
Brazil_Amazon_FlatDry,2023-07-02,-3.47,-62.21,0.0,8.8,30.7,22.9,99,7.7,0.0,2.94,0.263,56.0,30.77,0,0
Brazil_Amazon_FlatDry,2023-07-03,-3.47,-62.21,2.2,8.8,29.1,23.4,96,8.0,7.0,2.46,0.279,56.0,30.19,0,0
Brazil_Amazon_FlatDry,2023-07-04,-3.47,-62.21,0.4,8.8,31.0,23.3,98,8.3,4.0,3.96,0.275,56.0,29.83,0,0
Brazil_Amazon_FlatDry,2023-07-05,-3.47,-62.21,3.1,8.8,30.7,23.2,99,8.2,8.0,3.5,0.284,56.0,29.41,0,0
India_Uttarakhand_DryFeb,2023-02-01,30.51,79.42,0.0,68.8,10.3,-3.6,45,9.7,0.0,2.94,0.281,2545.0,30.62,0,0
India_Uttarakhand_DryFeb,2023-02-02,30.51,79.42,0.0,68.8,10.6,-2.9,56,9.0,0.0,2.78,0.274,2545.0,30.41,0,0
India_Uttarakhand_DryFeb,2023-02-03,30.51,79.42,0.0,68.8,10.5,-4.7,65,9.4,0.0,2.32,0.287,2545.0,30.26,0,0
India_Uttarakhand_DryFeb,2023-02-04,30.51,79.42,0.0,68.8,9.1,-4.4,67,8.7,0.0,2.29,0.322,2545.0,30.12,0,0
India_Uttarakhand_DryFeb,2023-02-05,30.51,79.42,0.0,68.8,8.7,-5.5,77,7.7,0.0,2.29,0.346,2545.0,29.97,0,0
India_HP_DryDec,2022-12-01,31.1,77.17,0.0,0.0,16.2,2.5,89,9.2,0.0,2.08,0.4,1940.0,0.26,0,0
India_HP_DryDec,2022-12-02,31.1,77.17,0.0,0.0,14.9,4.3,96,7.2,0.0,1.7,0.403,1940.0,0.25,0,0
India_HP_DryDec,2022-12-03,31.1,77.17,0.0,0.0,13.7,3.4,98,8.0,0.0,1.87,0.403,1940.0,0.25,0,0
India_HP_DryDec,2022-12-04,31.1,77.17,0.0,0.0,14.6,2.8,91,8.7,0.0,1.92,0.4,1940.0,0.24,0,0
India_HP_DryDec,2022-12-05,31.1,77.17,0.0,0.0,13.2,1.7,95,7.9,0.0,1.83,0.397,1940.0,0.24,0,0
India_Kerala_DryJan,2023-01-15,9.55,76.52,0.0,0.5,31.9,20.8,95,13.7,0.0,4.46,0.287,2.0,1.14,0,0
India_Kerala_DryJan,2023-01-16,9.55,76.52,0.0,0.5,32.5,21.0,96,15.2,0.0,4.45,0.285,2.0,1.01,0,0
India_Kerala_DryJan,2023-01-17,9.55,76.52,1.9,0.5,31.5,22.2,96,11.4,4.0,4.28,0.289,2.0,0.99,0,0
India_Kerala_DryJan,2023-01-18,9.55,76.52,0.0,0.5,32.7,21.0,95,13.0,0.0,4.49,0.288,2.0,0.97,0,0
India_Kerala_DryJan,2023-01-19,9.55,76.52,0.0,0.5,32.8,18.9,96,14.4,0.0,4.74,0.288,2.0,0.95,0,0
India_Sikkim_DryMar,2023-03-01,27.33,88.61,21.1,128.5,16.2,8.4,97,7.3,14.0,2.64,0.411,1551.0,1.09,0,0
India_Sikkim_DryMar,2023-03-02,27.33,88.61,9.8,128.5,17.0,6.2,98,6.7,12.0,2.77,0.415,1551.0,1.22,0,0
India_Sikkim_DryMar,2023-03-03,27.33,88.61,7.1,128.5,17.6,5.9,98,5.5,12.0,2.67,0.41,1551.0,1.25,0,0
India_Sikkim_DryMar,2023-03-04,27.33,88.61,16.8,128.5,18.3,7.1,98,5.4,18.0,2.83,0.419,1551.0,1.25,0,0
India_Sikkim_DryMar,2023-03-05,27.33,88.61,26.6,128.5,18.9,10.2,98,6.7,8.0,2.97,0.419,1551.0,1.25,0,0
Nepal_DryMarch,2023-03-01,27.7,85.32,0.2,10.4,21.3,8.9,98,11.7,2.0,3.31,0.215,1289.0,0.09,0,0
Nepal_DryMarch,2023-03-02,27.7,85.32,1.1,10.4,21.9,9.3,91,11.2,5.0,3.25,0.209,1289.0,0.06,0,0
Nepal_DryMarch,2023-03-03,27.7,85.32,0.2,10.4,22.7,9.4,97,8.0,2.0,3.42,0.204,1289.0,0.03,0,0
Nepal_DryMarch,2023-03-04,27.7,85.32,0.5,10.4,22.6,9.6,100,11.2,2.0,3.16,0.2,1289.0,0.06,0,0
Nepal_DryMarch,2023-03-05,27.7,85.32,0.4,10.4,22.8,10.3,98,13.4,2.0,3.42,0.211,1289.0,0.03,0,0
Japan_DryJan,2023-01-01,35.1,139.08,0.0,0.2,11.4,1.5,100,17.1,0.0,1.58,0.33,45.0,,0,0
Japan_DryJan,2023-01-02,35.1,139.08,0.6,0.2,10.0,4.3,100,21.3,5.0,1.3,0.328,45.0,,0,0
Japan_DryJan,2023-01-03,35.1,139.08,0.0,0.2,9.3,1.7,97,13.9,0.0,1.33,0.324,45.0,,0,0
Japan_DryJan,2023-01-04,35.1,139.08,0.2,0.2,10.3,0.9,99,15.5,1.0,1.37,0.314,45.0,,0,0
Japan_DryJan,2023-01-05,35.1,139.08,0.0,0.2,9.5,3.1,100,9.7,0.0,1.37,0.311,45.0,,0,0
China_DryWinter,2022-12-01,33.78,104.37,0.0,0.3,4.4,-2.6,74,7.2,0.0,1.25,0.321,1343.0,0.13,0,0
China_DryWinter,2022-12-02,33.78,104.37,0.0,0.3,8.4,-4.1,94,6.0,0.0,1.52,0.319,1343.0,0.13,0,0
China_DryWinter,2022-12-03,33.78,104.37,0.0,0.3,5.2,-0.6,84,5.5,0.0,0.97,0.318,1343.0,0.13,0,0
China_DryWinter,2022-12-04,33.78,104.37,0.3,0.3,5.6,0.1,74,7.7,1.0,1.22,0.316,1343.0,0.13,0,0
China_DryWinter,2022-12-05,33.78,104.37,0.0,0.3,6.3,-1.5,96,6.8,0.0,1.23,0.315,1343.0,0.13,0,0
Saudi_Arabia_Arid,2023-07-01,24.68,46.72,0.0,0.0,44.5,28.4,17,14.5,0.0,8.52,0.001,603.0,0.72,0,0
Saudi_Arabia_Arid,2023-07-02,24.68,46.72,0.0,0.0,44.0,29.9,16,34.0,0.0,10.02,0.002,603.0,0.7,0,0
Saudi_Arabia_Arid,2023-07-03,24.68,46.72,0.0,0.0,43.0,29.1,20,20.2,0.0,9.59,0.002,603.0,0.7,0,0
Saudi_Arabia_Arid,2023-07-04,24.68,46.72,0.0,0.0,42.7,28.9,20,24.4,0.0,9.74,0.004,603.0,0.7,0,0
Saudi_Arabia_Arid,2023-07-05,24.68,46.72,0.0,0.0,42.3,28.5,18,28.5,0.0,11.82,0.005,603.0,0.7,0,0
Sahara_Algeria_Arid,2023-06-01,25.0,3.0,0.0,0.0,36.4,23.7,27,18.5,0.0,8.86,0.0,409.0,0.0,0,0
Sahara_Algeria_Arid,2023-06-02,25.0,3.0,0.0,0.0,39.8,23.0,23,26.0,0.0,10.09,0.0,409.0,0.0,0,0
Sahara_Algeria_Arid,2023-06-03,25.0,3.0,0.0,0.0,38.0,23.8,17,23.8,0.0,9.95,0.0,409.0,0.0,0,0
Sahara_Algeria_Arid,2023-06-04,25.0,3.0,0.0,0.0,38.5,23.5,25,23.1,0.0,9.87,0.0,409.0,0.0,0,0
Sahara_Algeria_Arid,2023-06-05,25.0,3.0,0.0,0.0,39.2,24.2,22,16.2,0.0,9.01,0.0,409.0,0.0,0,0
Atacama_Chile_Arid,2023-06-01,-24.5,-69.25,0.0,0.0,21.6,7.6,12,18.4,0.0,4.76,0.008,2652.0,0.0,0,0
Atacama_Chile_Arid,2023-06-02,-24.5,-69.25,0.0,0.0,19.8,6.3,17,19.6,0.0,4.51,0.008,2652.0,0.0,0,0
Atacama_Chile_Arid,2023-06-03,-24.5,-69.25,0.0,0.0,19.6,4.9,14,17.5,0.0,4.57,0.008,2652.0,0.0,0,0
Atacama_Chile_Arid,2023-06-04,-24.5,-69.25,0.0,0.0,19.6,5.5,12,18.6,0.0,4.64,0.009,2652.0,0.0,0,0
Atacama_Chile_Arid,2023-06-05,-24.5,-69.25,0.0,0.0,20.0,5.5,9,18.0,0.0,4.51,0.008,2652.0,0.0,0,0
Gobi_Desert_Arid,2023-05-01,43.0,103.0,0.0,2.7,25.2,11.1,26,41.4,0.0,7.04,0.014,1247.0,0.0,0,0
Gobi_Desert_Arid,2023-05-02,43.0,103.0,0.0,2.7,24.6,9.7,32,25.1,0.0,6.09,0.014,1247.0,0.0,0,0
Gobi_Desert_Arid,2023-05-03,43.0,103.0,1.4,2.7,23.2,11.8,38,27.5,2.0,6.08,0.019,1247.0,0.0,0,0
Gobi_Desert_Arid,2023-05-04,43.0,103.0,0.0,2.7,21.0,10.1,36,36.1,0.0,6.67,0.016,1247.0,0.0,0,0
Gobi_Desert_Arid,2023-05-05,43.0,103.0,0.0,2.7,20.1,6.8,63,28.5,0.0,5.54,0.017,1247.0,0.0,0,0
Iran_Central_Arid,2023-07-01,32.0,53.68,0.0,0.0,37.0,21.1,16,14.8,0.0,8.51,0.002,1914.0,0.0,0,0
Iran_Central_Arid,2023-07-02,32.0,53.68,0.0,0.0,33.0,23.8,25,26.0,0.0,8.58,0.0,1914.0,0.0,0,0
Iran_Central_Arid,2023-07-03,32.0,53.68,0.0,0.0,34.3,22.2,31,23.1,0.0,8.55,0.003,1914.0,0.0,0,0
Iran_Central_Arid,2023-07-04,32.0,53.68,0.0,0.0,33.6,23.3,24,25.8,0.0,8.98,0.003,1914.0,0.0,0,0
Iran_Central_Arid,2023-07-05,32.0,53.68,0.0,0.0,32.9,21.8,27,25.8,0.0,9.08,0.002,1914.0,0.0,0,0
Australia_Desert_Arid,2023-06-01,-23.7,133.88,0.0,0.0,26.4,8.9,42,17.4,0.0,4.82,0.029,581.0,0.0,0,0
Australia_Desert_Arid,2023-06-02,-23.7,133.88,0.0,0.0,27.0,12.2,35,22.2,0.0,5.94,0.029,581.0,0.0,0,0
Australia_Desert_Arid,2023-06-03,-23.7,133.88,0.0,0.0,27.4,12.3,48,19.9,0.0,5.32,0.029,581.0,0.0,0,0
Australia_Desert_Arid,2023-06-04,-23.7,133.88,1.0,0.0,22.9,12.6,91,21.3,3.0,2.95,0.075,581.0,0.0,0,0
Australia_Desert_Arid,2023-06-05,-23.7,133.88,0.0,0.0,26.0,11.9,90,23.6,0.0,3.49,0.103,581.0,0.0,0,0
Egypt_Desert_Arid,2023-07-01,25.0,30.0,0.0,0.0,36.0,24.6,42,27.9,0.0,10.63,0.0,239.0,0.0,0,0
Egypt_Desert_Arid,2023-07-02,25.0,30.0,0.0,0.0,37.0,25.1,39,25.0,0.0,10.47,0.0,239.0,0.0,0,0
Egypt_Desert_Arid,2023-07-03,25.0,30.0,0.0,0.0,39.4,25.2,36,27.6,0.0,10.84,0.0,239.0,0.0,0,0
Egypt_Desert_Arid,2023-07-04,25.0,30.0,0.0,0.0,42.0,26.9,23,21.9,0.0,10.76,0.0,239.0,0.0,0,0
Egypt_Desert_Arid,2023-07-05,25.0,30.0,0.0,0.0,39.8,29.6,35,24.9,0.0,11.7,0.0,239.0,0.0,0,0
Namibia_Desert_Arid,2023-06-01,-23.5,15.0,0.0,0.0,23.0,8.9,50,16.6,0.0,4.23,0.02,386.0,0.0,0,0
Namibia_Desert_Arid,2023-06-02,-23.5,15.0,0.0,0.0,17.5,8.1,97,19.7,0.0,2.47,0.018,386.0,0.0,0,0
Namibia_Desert_Arid,2023-06-03,-23.5,15.0,0.0,0.0,20.6,6.9,95,20.8,0.0,3.13,0.025,386.0,0.0,0,0
Namibia_Desert_Arid,2023-06-04,-23.5,15.0,0.0,0.0,21.1,7.7,89,24.9,0.0,3.44,0.027,386.0,0.0,0,0
Namibia_Desert_Arid,2023-06-05,-23.5,15.0,0.0,0.0,24.0,6.3,93,11.7,0.0,3.15,0.029,386.0,0.0,0,0
SAFE_18.57_73.77_2026-05-15,2026-05-15,18.574,73.768,0.2,0.0,36.0,24.9,80,17.7,2.0,6.98,0.175,578.0,2.37,0,0
SAFE_18.57_73.77_2026-05-16,2026-05-16,18.574,73.768,0.0,0.2,37.7,23.5,89,18.1,0.0,6.58,0.177,578.0,2.34,0,0
SAFE_18.57_73.77_2026-05-17,2026-05-17,18.574,73.768,0.2,0.2,38.1,24.6,90,16.1,2.0,6.68,0.175,578.0,2.31,0,0
SAFE_18.57_73.77_2026-05-18,2026-05-18,18.574,73.768,0.0,0.4,39.9,22.6,88,20.0,0.0,6.79,0.177,578.0,2.28,0,0
SAFE_18.57_73.77_2026-05-19,2026-05-19,18.574,73.768,0.5,0.4,35.9,24.1,85,15.8,4.0,6.52,0.174,578.0,2.28,0,0
SAFE_18.57_73.77_2026-05-20,2026-05-20,18.574,73.768,2.8,0.9,35.2,23.5,89,15.6,3.0,5.9,0.183,578.0,2.31,0,0
SAFE_18.57_73.77_2026-05-21,2026-05-21,18.574,73.768,0.7,3.6999999999999997,37.2,24.0,88,17.6,2.0,6.31,0.178,578.0,2.5,0,0
SAFE_18.57_73.77_2026-05-22,2026-05-22,18.574,73.768,9.5,4.3999999999999995,36.2,25.3,85,17.6,7.0,4.91,0.223,578.0,2.75,0,0
SAFE_18.60_73.74_2026-05-15,2026-05-15,18.597,73.738,0.2,0.0,36.0,24.9,80,17.7,2.0,6.98,0.175,577.0,1.0,0,0
SAFE_18.60_73.74_2026-05-16,2026-05-16,18.597,73.738,0.0,0.2,37.7,23.5,89,18.1,0.0,6.58,0.177,577.0,1.0,0,0
SAFE_18.60_73.74_2026-05-17,2026-05-17,18.597,73.738,0.2,0.2,38.1,24.6,90,16.1,2.0,6.68,0.175,577.0,0.97,0,0
SAFE_18.60_73.74_2026-05-18,2026-05-18,18.597,73.738,0.0,0.4,39.9,22.6,88,20.0,0.0,6.79,0.177,577.0,0.97,0,0
SAFE_18.60_73.74_2026-05-19,2026-05-19,18.597,73.738,0.5,0.4,35.9,24.1,85,15.8,4.0,6.52,0.174,577.0,0.97,0,0
SAFE_18.60_73.74_2026-05-20,2026-05-20,18.597,73.738,2.8,0.9,35.2,23.5,89,15.6,3.0,5.9,0.183,577.0,0.97,0,0
SAFE_18.60_73.74_2026-05-21,2026-05-21,18.597,73.738,0.7,3.6999999999999997,37.2,24.0,88,17.6,2.0,6.31,0.178,577.0,1.0,0,0
SAFE_18.60_73.74_2026-05-22,2026-05-22,18.597,73.738,9.5,4.3999999999999995,36.2,25.3,85,17.6,7.0,4.91,0.223,577.0,1.19,0,0
SAFE_26.91_75.79_2026-05-15,2026-05-15,26.912,75.787,0.3,0.0,38.8,26.5,58,16.2,2.0,7.54,0.1,431.0,0.91,0,0
SAFE_26.91_75.79_2026-05-16,2026-05-16,26.912,75.787,0.0,0.3,40.2,27.9,42,13.4,0.0,7.53,0.097,431.0,0.91,0,0
SAFE_26.91_75.79_2026-05-17,2026-05-17,26.912,75.787,0.0,0.3,41.7,28.8,41,17.3,0.0,8.27,0.094,431.0,0.91,0,0
SAFE_26.91_75.79_2026-05-18,2026-05-18,26.912,75.787,0.0,0.3,42.6,30.8,33,16.4,0.0,9.47,0.094,431.0,0.91,0,0
SAFE_26.91_75.79_2026-05-19,2026-05-19,26.912,75.787,0.0,0.3,42.7,31.6,23,16.3,0.0,9.11,0.094,431.0,0.91,0,0
SAFE_26.91_75.79_2026-05-20,2026-05-20,26.912,75.787,0.0,0.3,40.9,31.5,32,14.6,0.0,9.31,0.094,431.0,0.91,0,0
SAFE_26.91_75.79_2026-05-21,2026-05-21,26.912,75.787,0.0,0.3,40.7,31.6,30,18.2,0.0,10.17,0.094,431.0,0.91,0,0
SAFE_26.91_75.79_2026-05-22,2026-05-22,26.912,75.787,0.0,0.3,40.5,31.0,29,17.6,0.0,9.78,0.094,431.0,0.91,0,0
SAFE_23.03_72.58_2026-05-15,2026-05-15,23.033,72.585,0.0,0.0,40.0,28.0,77,13.6,0.0,7.85,0.07,52.0,1.4,0,0
SAFE_23.03_72.58_2026-05-16,2026-05-16,23.033,72.585,0.0,0.0,41.0,28.8,74,10.7,0.0,7.8,0.069,52.0,1.44,0,0
SAFE_23.03_72.58_2026-05-17,2026-05-17,23.033,72.585,0.0,0.0,42.0,30.2,63,12.5,0.0,8.2,0.068,52.0,1.4,0,0
SAFE_23.03_72.58_2026-05-18,2026-05-18,23.033,72.585,0.0,0.0,43.0,31.2,38,14.7,0.0,9.53,0.067,52.0,1.4,0,0
SAFE_23.03_72.58_2026-05-19,2026-05-19,23.033,72.585,0.0,0.0,42.2,29.0,58,13.8,0.0,8.62,0.066,52.0,1.4,0,0
SAFE_23.03_72.58_2026-05-20,2026-05-20,23.033,72.585,0.0,0.0,42.1,28.6,70,14.6,0.0,7.85,0.065,52.0,1.4,0,0
SAFE_23.03_72.58_2026-05-21,2026-05-21,23.033,72.585,0.0,0.0,41.0,28.9,70,12.1,0.0,7.54,0.065,52.0,1.44,0,0
SAFE_23.03_72.58_2026-05-22,2026-05-22,23.033,72.585,0.0,0.0,41.8,29.5,62,14.5,0.0,7.91,0.064,52.0,1.4,0,0
SAFE_23.26_77.41_2026-05-15,2026-05-15,23.259,77.412,0.0,0.0,41.0,30.8,29,17.4,0.0,9.25,0.149,497.0,0.31,0,0
SAFE_23.26_77.41_2026-05-16,2026-05-16,23.259,77.412,0.0,0.0,41.4,29.9,28,18.1,0.0,9.55,0.145,497.0,0.31,0,0
SAFE_23.26_77.41_2026-05-17,2026-05-17,23.259,77.412,0.0,0.0,41.9,30.0,35,15.3,0.0,8.74,0.144,497.0,0.31,0,0
SAFE_23.26_77.41_2026-05-18,2026-05-18,23.259,77.412,0.0,0.0,42.6,31.1,28,14.1,0.0,8.37,0.142,497.0,0.31,0,0
SAFE_23.26_77.41_2026-05-19,2026-05-19,23.259,77.412,0.0,0.0,43.0,31.8,26,17.7,0.0,8.52,0.141,497.0,0.31,0,0
SAFE_23.26_77.41_2026-05-20,2026-05-20,23.259,77.412,0.0,0.0,42.3,31.9,23,19.8,0.0,10.53,0.135,497.0,0.31,0,0
SAFE_23.26_77.41_2026-05-21,2026-05-21,23.259,77.412,0.0,0.0,41.3,31.1,32,18.2,0.0,10.09,0.139,497.0,0.31,0,0
SAFE_23.26_77.41_2026-05-22,2026-05-22,23.259,77.412,0.0,0.0,41.7,30.5,25,16.7,0.0,9.88,0.138,497.0,0.31,0,0
SAFE_21.14_79.09_2026-05-15,2026-05-15,21.145,79.089,0.0,0.0,42.5,31.6,50,20.4,0.0,8.47,0.136,307.0,1.34,0,0
SAFE_21.14_79.09_2026-05-16,2026-05-16,21.145,79.089,0.0,0.0,42.8,30.6,48,14.0,0.0,7.82,0.135,307.0,1.34,0,0
SAFE_21.14_79.09_2026-05-17,2026-05-17,21.145,79.089,0.0,0.0,43.0,29.5,60,12.5,0.0,7.48,0.134,307.0,1.34,0,0
SAFE_21.14_79.09_2026-05-18,2026-05-18,21.145,79.089,0.0,0.0,43.8,31.8,49,16.0,0.0,8.62,0.132,307.0,1.34,0,0
SAFE_21.14_79.09_2026-05-19,2026-05-19,21.145,79.089,0.0,0.0,44.5,32.5,46,14.5,0.0,8.5,0.131,307.0,1.34,0,0
SAFE_21.14_79.09_2026-05-20,2026-05-20,21.145,79.089,0.0,0.0,44.8,31.9,41,17.2,0.0,8.64,0.129,307.0,1.34,0,0
SAFE_21.14_79.09_2026-05-21,2026-05-21,21.145,79.089,0.0,0.0,44.0,34.0,27,16.3,0.0,9.26,0.127,307.0,1.34,0,0
SAFE_21.14_79.09_2026-05-22,2026-05-22,21.145,79.089,0.0,0.0,44.3,33.7,27,16.1,0.0,9.45,0.126,307.0,1.34,0,0
SAFE_22.72_75.86_2026-05-15,2026-05-15,22.719,75.857,0.0,0.0,40.5,28.8,37,18.0,0.0,9.98,0.121,555.0,0.59,0,0
SAFE_22.72_75.86_2026-05-16,2026-05-16,22.719,75.857,0.0,0.0,39.1,26.6,59,16.2,0.0,8.89,0.125,555.0,0.59,0,0
SAFE_22.72_75.86_2026-05-17,2026-05-17,22.719,75.857,0.0,0.0,41.4,28.5,34,12.6,0.0,8.34,0.123,555.0,0.59,0,0
SAFE_22.72_75.86_2026-05-18,2026-05-18,22.719,75.857,0.0,0.0,42.2,30.1,36,21.3,0.0,8.44,0.137,555.0,0.59,0,0
SAFE_22.72_75.86_2026-05-19,2026-05-19,22.719,75.857,0.0,0.0,42.0,30.1,30,17.7,0.0,9.63,0.15,555.0,0.59,0,0
SAFE_22.72_75.86_2026-05-20,2026-05-20,22.719,75.857,0.0,0.0,40.0,28.4,47,16.6,0.0,9.02,0.146,555.0,0.59,0,0
SAFE_22.72_75.86_2026-05-21,2026-05-21,22.719,75.857,0.0,0.0,39.8,27.8,56,14.7,0.0,8.89,0.144,555.0,0.59,0,0
SAFE_22.72_75.86_2026-05-22,2026-05-22,22.719,75.857,0.0,0.0,40.3,29.0,42,16.7,0.0,9.28,0.146,555.0,0.59,0,0
SAFE_17.39_78.49_2026-05-15,2026-05-15,17.385,78.486,0.2,0.3,37.4,27.5,68,9.8,2.0,6.06,0.079,508.0,9.35,0,0
SAFE_17.39_78.49_2026-05-16,2026-05-16,17.385,78.486,1.0,0.5,37.7,29.4,63,14.1,2.0,6.21,0.079,508.0,9.4,0,0
SAFE_17.39_78.49_2026-05-17,2026-05-17,17.385,78.486,0.4,1.5,36.5,27.6,68,12.1,2.0,6.03,0.079,508.0,9.47,0,0
SAFE_17.39_78.49_2026-05-18,2026-05-18,17.385,78.486,0.6,1.9,36.7,27.8,68,13.2,3.0,6.25,0.079,508.0,9.45,0,0
SAFE_17.39_78.49_2026-05-19,2026-05-19,17.385,78.486,0.3,2.5,37.9,28.0,71,11.3,2.0,6.67,0.077,508.0,9.38,0,0
SAFE_17.39_78.49_2026-05-20,2026-05-20,17.385,78.486,0.3,2.8,38.5,28.1,66,12.4,2.0,7.35,0.079,508.0,9.28,0,0
SAFE_17.39_78.49_2026-05-21,2026-05-21,17.385,78.486,0.0,3.1,40.0,29.3,56,13.4,0.0,7.45,0.077,508.0,9.16,0,0
SAFE_17.39_78.49_2026-05-22,2026-05-22,17.385,78.486,0.0,2.8,40.3,29.6,59,21.5,0.0,8.22,0.077,508.0,9.19,0,0
SAFE_12.97_77.59_2026-05-15,2026-05-15,12.971,77.594,0.4,0.1,31.0,22.5,89,14.1,1.0,4.04,0.142,916.0,0.63,0,0
SAFE_12.97_77.59_2026-05-16,2026-05-16,12.971,77.594,4.0,0.5,33.2,23.5,80,13.2,9.0,4.17,0.155,916.0,0.63,0,0
SAFE_12.97_77.59_2026-05-17,2026-05-17,12.971,77.594,0.0,4.5,34.0,22.6,90,13.9,0.0,5.28,0.142,916.0,0.63,0,0
SAFE_12.97_77.59_2026-05-18,2026-05-18,12.971,77.594,31.0,4.5,33.2,22.5,96,14.9,7.0,3.98,0.236,916.0,0.63,0,0
SAFE_12.97_77.59_2026-05-19,2026-05-19,12.971,77.594,2.9,35.5,29.0,21.4,98,15.4,7.0,4.3,0.398,916.0,1.31,0,0
SAFE_12.97_77.59_2026-05-20,2026-05-20,12.971,77.594,5.7,38.4,30.0,21.9,90,14.7,5.0,4.45,0.338,916.0,1.44,0,0
SAFE_12.97_77.59_2026-05-21,2026-05-21,12.971,77.594,0.2,44.1,32.0,22.1,96,13.2,2.0,5.24,0.222,916.0,1.59,0,0
SAFE_12.97_77.59_2026-05-22,2026-05-22,12.971,77.594,11.4,44.2,31.9,21.9,94,13.2,6.0,3.76,0.21,916.0,1.72,0,0
SAFE_28.53_77.21_2026-05-15,2026-05-15,28.527,77.211,0.0,0.1,39.6,28.6,49,18.6,0.0,7.74,0.088,229.0,1.22,0,0
SAFE_28.53_77.21_2026-05-16,2026-05-16,28.527,77.211,0.0,0.1,40.0,28.5,46,17.0,0.0,7.88,0.087,229.0,1.09,0,0
SAFE_28.53_77.21_2026-05-17,2026-05-17,28.527,77.211,0.1,0.1,40.8,29.5,39,21.4,1.0,9.03,0.087,229.0,1.09,0,0
SAFE_28.53_77.21_2026-05-18,2026-05-18,28.527,77.211,0.0,0.2,42.8,29.2,43,18.6,0.0,9.15,0.087,229.0,1.09,0,0
SAFE_28.53_77.21_2026-05-19,2026-05-19,28.527,77.211,0.0,0.2,44.0,30.6,30,16.6,0.0,9.39,0.086,229.0,1.09,0,0
SAFE_28.53_77.21_2026-05-20,2026-05-20,28.527,77.211,0.0,0.2,43.2,31.4,28,14.3,0.0,8.64,0.086,229.0,1.06,0,0
SAFE_28.53_77.21_2026-05-21,2026-05-21,28.527,77.211,0.0,0.2,42.2,32.8,34,21.3,0.0,10.33,0.086,229.0,1.06,0,0
SAFE_28.53_77.21_2026-05-22,2026-05-22,28.527,77.211,0.0,0.1,42.2,31.4,30,15.4,0.0,9.18,0.086,229.0,1.06,0,0
SAFE_30.73_76.78_2026-05-15,2026-05-15,30.733,76.779,0.7,0.9,35.1,23.6,68,17.3,1.0,6.3,0.155,345.0,0.16,0,0
SAFE_30.73_76.78_2026-05-16,2026-05-16,30.733,76.779,0.1,1.6,35.8,24.2,53,17.7,1.0,6.9,0.145,345.0,0.16,0,0
SAFE_30.73_76.78_2026-05-17,2026-05-17,30.733,76.779,0.0,1.7,37.8,25.2,48,19.6,0.0,8.12,0.123,345.0,0.16,0,0
SAFE_30.73_76.78_2026-05-18,2026-05-18,30.733,76.779,0.0,1.7,39.8,26.4,47,16.9,0.0,8.22,0.111,345.0,0.16,0,0
SAFE_30.73_76.78_2026-05-19,2026-05-19,30.733,76.779,0.0,1.7,40.8,30.0,44,14.3,0.0,7.79,0.119,345.0,0.16,0,0
SAFE_30.73_76.78_2026-05-20,2026-05-20,30.733,76.779,0.0,1.7,41.8,26.0,47,9.5,0.0,7.05,0.111,345.0,0.16,0,0
SAFE_30.73_76.78_2026-05-21,2026-05-21,30.733,76.779,0.0,1.7,41.3,25.5,54,16.3,0.0,7.24,0.111,345.0,0.16,0,0
SAFE_30.73_76.78_2026-05-22,2026-05-22,30.733,76.779,0.2,0.7999999999999999,39.3,28.2,43,19.1,1.0,7.38,0.111,345.0,0.16,0,0
SAFE_26.85_80.95_2026-05-15,2026-05-15,26.847,80.947,5.0,0.0,36.4,26.6,91,15.1,3.0,4.92,0.102,118.0,19.46,0,0
SAFE_26.85_80.95_2026-05-16,2026-05-16,26.847,80.947,0.0,5.0,39.7,27.4,81,14.3,0.0,6.6,0.092,118.0,20.38,0,0
SAFE_26.85_80.95_2026-05-17,2026-05-17,26.847,80.947,0.0,5.0,40.9,28.6,53,20.7,0.0,8.38,0.088,118.0,20.09,0,0
SAFE_26.85_80.95_2026-05-18,2026-05-18,26.847,80.947,0.0,5.0,42.0,30.6,41,14.8,0.0,8.05,0.088,118.0,18.91,0,0
SAFE_26.85_80.95_2026-05-19,2026-05-19,26.847,80.947,0.0,5.0,41.8,30.2,61,12.5,0.0,6.82,0.088,118.0,18.72,0,0
SAFE_26.85_80.95_2026-05-20,2026-05-20,26.847,80.947,0.0,5.0,42.8,30.0,70,15.1,0.0,7.03,0.088,118.0,18.59,0,0
SAFE_26.85_80.95_2026-05-21,2026-05-21,26.847,80.947,0.0,5.0,42.8,31.5,61,15.0,0.0,8.2,0.087,118.0,18.45,0,0
SAFE_26.85_80.95_2026-05-22,2026-05-22,26.847,80.947,0.0,5.0,41.9,29.2,60,13.1,0.0,7.46,0.087,118.0,18.36,0,0
SAFE_25.61_85.14_2026-05-15,2026-05-15,25.614,85.144,0.0,0.0,35.8,25.9,87,10.7,0.0,5.34,0.149,55.0,3046.89,0,0
SAFE_25.61_85.14_2026-05-16,2026-05-16,25.614,85.144,0.0,0.0,37.0,27.1,90,8.3,0.0,5.53,0.126,55.0,3046.89,0,0
SAFE_25.61_85.14_2026-05-17,2026-05-17,25.614,85.144,0.0,0.0,39.4,27.3,94,17.3,0.0,6.33,0.113,55.0,3082.19,0,0
SAFE_25.61_85.14_2026-05-18,2026-05-18,25.614,85.144,0.0,0.0,37.8,27.4,92,17.1,0.0,5.84,0.112,55.0,3075.1,0,0
SAFE_25.61_85.14_2026-05-19,2026-05-19,25.614,85.144,0.0,0.0,34.8,27.2,90,18.2,0.0,5.51,0.121,55.0,3053.92,0,0
SAFE_25.61_85.14_2026-05-20,2026-05-20,25.614,85.144,0.5,0.0,35.9,28.1,87,11.3,4.0,5.31,0.113,55.0,3018.95,0,0
SAFE_25.61_85.14_2026-05-21,2026-05-21,25.614,85.144,0.0,0.5,38.3,28.9,86,16.9,0.0,6.09,0.096,55.0,2970.67,0,0
SAFE_25.61_85.14_2026-05-22,2026-05-22,25.614,85.144,0.0,0.5,38.2,28.0,88,12.1,0.0,5.84,0.089,55.0,2923.15,0,0
SAFE_26.92_70.90_2026-05-15,2026-05-15,26.92,70.9,0.0,0.1,38.5,27.5,63,16.3,0.0,7.24,0.082,240.0,0.03,0,0
SAFE_26.92_70.90_2026-05-16,2026-05-16,26.92,70.9,0.0,0.1,40.8,28.6,66,14.0,0.0,7.28,0.082,240.0,0.03,0,0
SAFE_26.92_70.90_2026-05-17,2026-05-17,26.92,70.9,0.0,0.1,42.5,30.0,52,16.4,0.0,9.52,0.081,240.0,0.03,0,0
SAFE_26.92_70.90_2026-05-18,2026-05-18,26.92,70.9,0.0,0.1,41.8,28.9,33,19.9,0.0,11.04,0.081,240.0,0.03,0,0
SAFE_26.92_70.90_2026-05-19,2026-05-19,26.92,70.9,0.0,0.1,41.3,26.1,68,19.3,0.0,8.86,0.081,240.0,0.03,0,0
SAFE_26.92_70.90_2026-05-20,2026-05-20,26.92,70.9,0.0,0.1,42.0,28.5,61,21.0,0.0,9.87,0.081,240.0,0.03,0,0
SAFE_26.92_70.90_2026-05-21,2026-05-21,26.92,70.9,0.0,0.1,39.7,27.4,57,21.7,0.0,9.54,0.081,240.0,0.03,0,0
SAFE_26.92_70.90_2026-05-22,2026-05-22,26.92,70.9,0.0,0.0,41.4,27.4,64,16.3,0.0,7.95,0.081,240.0,0.03,0,0
SAFE_27.50_72.00_2026-05-15,2026-05-15,27.5,72.0,0.0,2.9,39.2,27.1,62,13.2,0.0,7.11,0.061,182.0,0.0,0,0
SAFE_27.50_72.00_2026-05-16,2026-05-16,27.5,72.0,0.0,2.9,41.0,25.8,58,12.0,0.0,6.77,0.056,182.0,0.0,0,0
SAFE_27.50_72.00_2026-05-17,2026-05-17,27.5,72.0,0.0,2.9,43.4,30.2,37,15.2,0.0,8.83,0.046,182.0,0.0,0,0
SAFE_27.50_72.00_2026-05-18,2026-05-18,27.5,72.0,0.0,2.9,44.2,31.0,23,21.1,0.0,11.46,0.045,182.0,0.0,0,0
SAFE_27.50_72.00_2026-05-19,2026-05-19,27.5,72.0,0.0,2.9,42.7,27.8,47,16.4,0.0,9.3,0.045,182.0,0.0,0,0
SAFE_27.50_72.00_2026-05-20,2026-05-20,27.5,72.0,0.0,2.9,42.5,31.4,51,21.1,0.0,9.95,0.045,182.0,0.0,0,0
SAFE_27.50_72.00_2026-05-21,2026-05-21,27.5,72.0,0.0,2.9,41.2,29.1,38,21.5,0.0,9.48,0.045,182.0,0.0,0,0
SAFE_27.50_72.00_2026-05-22,2026-05-22,27.5,72.0,0.0,0.0,42.0,30.4,43,12.6,0.0,7.34,0.044,182.0,0.0,0,0
SAFE_25.75_71.39_2026-05-15,2026-05-15,25.747,71.394,0.0,0.0,38.8,26.7,69,16.9,0.0,7.81,0.047,201.0,0.12,0,0
SAFE_25.75_71.39_2026-05-16,2026-05-16,25.747,71.394,0.0,0.0,40.3,28.1,66,16.3,0.0,7.69,0.047,201.0,0.12,0,0
SAFE_25.75_71.39_2026-05-17,2026-05-17,25.747,71.394,0.0,0.0,42.5,29.5,53,18.2,0.0,9.61,0.046,201.0,0.12,0,0
SAFE_25.75_71.39_2026-05-18,2026-05-18,25.747,71.394,0.0,0.0,42.0,28.8,34,19.8,0.0,11.01,0.049,201.0,0.12,0,0
SAFE_25.75_71.39_2026-05-19,2026-05-19,25.747,71.394,0.0,0.0,41.4,25.5,71,20.9,0.0,9.29,0.045,201.0,0.12,0,0
SAFE_25.75_71.39_2026-05-20,2026-05-20,25.747,71.394,0.0,0.0,42.0,27.5,75,21.3,0.0,9.85,0.045,201.0,0.12,0,0
SAFE_25.75_71.39_2026-05-21,2026-05-21,25.747,71.394,0.0,0.0,41.1,26.9,62,22.4,0.0,10.34,0.045,201.0,0.12,0,0
SAFE_25.75_71.39_2026-05-22,2026-05-22,25.747,71.394,0.0,0.0,41.2,26.2,74,18.0,0.0,8.71,0.044,201.0,0.12,0,0
SAFE_-1.29_36.82_2026-05-15,2026-05-15,-1.286,36.817,0.7,0.9,23.3,16.0,90,9.8,4.0,4.03,0.282,1671.0,14.7,0,0
SAFE_-1.29_36.82_2026-05-16,2026-05-16,-1.286,36.817,1.7,1.6,24.4,15.9,95,13.1,8.0,4.06,0.25,1671.0,11.19,0,0
SAFE_-1.29_36.82_2026-05-17,2026-05-17,-1.286,36.817,1.6,3.3,23.4,15.4,97,9.3,8.0,4.13,0.226,1671.0,6.41,0,0
SAFE_-1.29_36.82_2026-05-18,2026-05-18,-1.286,36.817,0.7,4.9,23.6,15.7,95,9.5,6.0,3.94,0.207,1671.0,5.25,0,0
SAFE_-1.29_36.82_2026-05-19,2026-05-19,-1.286,36.817,0.0,5.6,24.4,14.3,95,10.0,0.0,4.51,0.182,1671.0,4.37,0,0
SAFE_-1.29_36.82_2026-05-20,2026-05-20,-1.286,36.817,0.0,5.6,24.5,14.6,98,9.3,0.0,4.41,0.159,1671.0,2.4,0,0
SAFE_-1.29_36.82_2026-05-21,2026-05-21,-1.286,36.817,0.7,5.6,24.8,16.0,92,9.4,5.0,3.8,0.138,1671.0,1.25,0,0
SAFE_-1.29_36.82_2026-05-22,2026-05-22,-1.286,36.817,0.1,5.4,25.1,14.9,96,11.7,1.0,4.37,0.122,1671.0,1.78,0,0
SAFE_24.69_46.72_2026-05-15,2026-05-15,24.688,46.722,0.0,0.0,39.1,27.7,18,14.2,0.0,8.41,0.045,611.0,0.66,0,0
SAFE_24.69_46.72_2026-05-16,2026-05-16,24.688,46.722,0.0,0.0,41.7,28.7,17,17.9,0.0,8.9,0.042,611.0,0.66,0,0
SAFE_24.69_46.72_2026-05-17,2026-05-17,24.688,46.722,0.0,0.0,35.1,24.9,13,14.2,0.0,8.47,0.041,611.0,0.66,0,0
SAFE_24.69_46.72_2026-05-18,2026-05-18,24.688,46.722,0.0,0.0,36.2,24.0,19,9.4,0.0,7.09,0.037,611.0,0.66,0,0
SAFE_24.69_46.72_2026-05-19,2026-05-19,24.688,46.722,0.0,0.0,42.0,28.2,18,15.7,0.0,8.72,0.03,611.0,0.66,0,0
SAFE_24.69_46.72_2026-05-20,2026-05-20,24.688,46.722,0.0,0.0,39.3,30.5,20,11.3,0.0,7.84,0.028,611.0,0.66,0,0
SAFE_24.69_46.72_2026-05-21,2026-05-21,24.688,46.722,0.0,0.0,42.7,28.4,16,15.5,0.0,8.27,0.022,611.0,0.66,0,0
SAFE_24.69_46.72_2026-05-22,2026-05-22,24.688,46.722,0.0,0.0,38.9,28.2,20,13.1,0.0,8.51,0.017,611.0,0.66,0,0
SAFE_30.04_31.24_2026-05-15,2026-05-15,30.044,31.236,0.0,0.0,33.0,21.2,56,17.0,0.0,7.66,0.083,23.0,0.16,0,0
SAFE_30.04_31.24_2026-05-16,2026-05-16,30.044,31.236,0.0,0.0,32.8,17.9,80,10.6,0.0,6.14,0.084,23.0,0.16,0,0
SAFE_30.04_31.24_2026-05-17,2026-05-17,30.044,31.236,0.0,0.0,41.3,22.9,54,19.8,0.0,8.18,0.084,23.0,0.16,0,0
SAFE_30.04_31.24_2026-05-18,2026-05-18,30.044,31.236,0.0,0.0,39.7,25.2,45,15.8,0.0,8.58,0.084,23.0,0.16,0,0
SAFE_30.04_31.24_2026-05-19,2026-05-19,30.044,31.236,0.0,0.0,37.0,22.4,55,16.7,0.0,8.06,0.084,23.0,0.16,0,0
SAFE_30.04_31.24_2026-05-20,2026-05-20,30.044,31.236,0.0,0.0,30.5,21.0,56,18.3,0.0,7.19,0.085,23.0,0.16,0,0
SAFE_30.04_31.24_2026-05-21,2026-05-21,30.044,31.236,0.0,0.0,29.1,17.8,75,13.9,0.0,6.02,0.084,23.0,0.16,0,0
SAFE_30.04_31.24_2026-05-22,2026-05-22,30.044,31.236,0.0,0.0,30.5,17.8,76,15.5,0.0,6.38,0.083,23.0,0.16,0,0
SAFE_33.45_-112.07_2026-05-15,2026-05-15,33.448,-112.073,0.0,0.0,36.2,22.8,23,11.8,0.0,7.21,0.019,335.0,8.16,0,0
SAFE_33.45_-112.07_2026-05-16,2026-05-16,33.448,-112.073,0.0,0.0,36.2,23.4,26,19.2,0.0,8.75,0.016,335.0,8.16,0,0
SAFE_33.45_-112.07_2026-05-17,2026-05-17,33.448,-112.073,0.0,0.0,34.4,22.5,30,18.8,0.0,8.17,0.015,335.0,8.16,0,0
SAFE_33.45_-112.07_2026-05-18,2026-05-18,33.448,-112.073,0.0,0.0,29.6,19.6,54,11.6,0.0,6.65,0.012,335.0,8.12,0,0
SAFE_33.45_-112.07_2026-05-19,2026-05-19,33.448,-112.073,0.0,0.0,32.1,20.3,24,10.5,0.0,6.69,0.018,335.0,8.16,0,0
SAFE_33.45_-112.07_2026-05-20,2026-05-20,33.448,-112.073,0.0,0.0,33.8,21.0,15,10.9,0.0,6.99,0.021,335.0,8.18,0,0
SAFE_33.45_-112.07_2026-05-21,2026-05-21,33.448,-112.073,0.0,0.0,34.5,20.5,18,12.3,0.0,7.39,0.02,335.0,8.18,0,0
SAFE_33.45_-112.07_2026-05-22,2026-05-22,33.448,-112.073,0.0,0.0,35.4,21.4,28,16.6,0.0,7.79,0.019,335.0,8.18,0,0
SAFE_40.42_-3.70_2026-05-15,2026-05-15,40.416,-3.703,2.2,0.0,16.2,9.7,62,17.6,3.0,4.15,0.138,651.0,1.78,0,0
SAFE_40.42_-3.70_2026-05-16,2026-05-16,40.416,-3.703,0.0,2.2,19.5,6.5,75,10.1,0.0,4.91,0.122,651.0,1.81,0,0
SAFE_40.42_-3.70_2026-05-17,2026-05-17,40.416,-3.703,0.8,2.2,22.9,8.9,75,12.5,4.0,4.9,0.089,651.0,1.72,0,0
SAFE_40.42_-3.70_2026-05-18,2026-05-18,40.416,-3.703,0.0,3.0,23.4,10.3,84,14.9,0.0,5.6,0.077,651.0,1.72,0,0
SAFE_40.42_-3.70_2026-05-19,2026-05-19,40.416,-3.703,0.0,3.0,26.4,12.5,71,11.3,0.0,5.94,0.085,651.0,1.69,0,0
SAFE_40.42_-3.70_2026-05-20,2026-05-20,40.416,-3.703,0.0,3.0,29.8,14.6,72,9.5,0.0,6.03,0.08,651.0,1.65,0,0
SAFE_40.42_-3.70_2026-05-21,2026-05-21,40.416,-3.703,0.0,3.0,31.8,16.7,60,11.8,0.0,6.95,0.078,651.0,1.65,0,0
SAFE_40.42_-3.70_2026-05-22,2026-05-22,40.416,-3.703,0.0,3.0,32.4,18.1,43,13.4,0.0,7.34,0.078,651.0,1.65,0,0
SAFE_39.92_32.85_2026-05-15,2026-05-15,39.92,32.854,4.2,2.1,17.0,9.4,96,12.1,13.0,3.72,0.108,865.0,4.97,0,0
SAFE_39.92_32.85_2026-05-16,2026-05-16,39.92,32.854,0.0,6.300000000000001,20.4,6.7,90,10.8,0.0,5.1,0.1,865.0,4.66,0,0
SAFE_39.92_32.85_2026-05-17,2026-05-17,39.92,32.854,5.3,6.300000000000001,19.9,11.5,91,17.5,13.0,4.11,0.117,865.0,3.97,0,0
SAFE_39.92_32.85_2026-05-18,2026-05-18,39.92,32.854,0.9,11.6,16.9,8.5,90,16.9,7.0,3.67,0.182,865.0,4.66,0,0
SAFE_39.92_32.85_2026-05-19,2026-05-19,39.92,32.854,1.0,12.5,19.2,8.6,88,6.7,6.0,4.04,0.17,865.0,4.25,0,0
SAFE_39.92_32.85_2026-05-20,2026-05-20,39.92,32.854,16.9,13.5,16.3,11.4,93,11.6,10.0,2.47,0.207,865.0,3.41,0,0
SAFE_39.92_32.85_2026-05-21,2026-05-21,39.92,32.854,13.4,30.4,18.0,9.5,95,15.5,11.0,3.53,0.252,865.0,5.37,0,0
SAFE_39.92_32.85_2026-05-22,2026-05-22,39.92,32.854,1.3,41.699999999999996,18.5,9.3,100,10.2,4.0,3.75,0.28,865.0,5.9,0,0
SAFE_-12.05_-77.04_2026-05-15,2026-05-15,-12.046,-77.043,0.0,0.0,25.0,20.0,87,15.9,0.0,3.66,0.16,139.0,82.37,0,0
SAFE_-12.05_-77.04_2026-05-16,2026-05-16,-12.046,-77.043,0.0,0.0,23.8,19.6,88,14.0,0.0,3.36,0.153,139.0,81.04,0,0
SAFE_-12.05_-77.04_2026-05-17,2026-05-17,-12.046,-77.043,0.0,0.0,23.8,19.4,89,15.0,0.0,3.11,0.136,139.0,79.72,0,0
SAFE_-12.05_-77.04_2026-05-18,2026-05-18,-12.046,-77.043,0.2,0.0,23.6,20.0,88,17.2,2.0,3.02,0.135,139.0,78.43,0,0
SAFE_-12.05_-77.04_2026-05-19,2026-05-19,-12.046,-77.043,0.0,0.2,23.0,19.4,82,19.0,0.0,3.44,0.128,139.0,77.16,0,0
SAFE_-12.05_-77.04_2026-05-20,2026-05-20,-12.046,-77.043,0.0,0.2,24.0,18.3,85,18.1,0.0,3.61,0.137,139.0,76.09,0,0
SAFE_-12.05_-77.04_2026-05-21,2026-05-21,-12.046,-77.043,0.0,0.2,23.3,18.6,83,16.1,0.0,3.55,0.137,139.0,75.03,0,0
SAFE_-12.05_-77.04_2026-05-22,2026-05-22,-12.046,-77.043,0.0,0.2,23.2,18.8,82,15.5,0.0,3.43,0.137,139.0,74.16,0,0
SAFE_-34.60_-58.38_2026-05-15,2026-05-15,-34.603,-58.381,0.0,0.0,16.1,7.4,87,10.3,0.0,1.94,0.237,16.0,20.93,0,0
SAFE_-34.60_-58.38_2026-05-16,2026-05-16,-34.603,-58.381,0.3,0.0,13.7,9.9,91,16.6,3.0,0.92,0.222,16.0,20.48,0,0
SAFE_-34.60_-58.38_2026-05-17,2026-05-17,-34.603,-58.381,0.5,0.3,13.5,7.8,83,14.9,3.0,1.9,0.209,16.0,20.48,0,0
SAFE_-34.60_-58.38_2026-05-18,2026-05-18,-34.603,-58.381,0.0,0.8,15.8,4.7,79,10.5,0.0,2.12,0.218,16.0,20.48,0,0
SAFE_-34.60_-58.38_2026-05-19,2026-05-19,-34.603,-58.381,0.0,0.8,17.2,5.9,81,11.7,0.0,2.29,0.216,16.0,20.23,0,0
SAFE_-34.60_-58.38_2026-05-20,2026-05-20,-34.603,-58.381,0.0,0.8,14.2,7.1,86,14.6,0.0,1.61,0.2,16.0,19.8,0,0
SAFE_-34.60_-58.38_2026-05-21,2026-05-21,-34.603,-58.381,0.0,0.8,12.2,5.8,78,9.8,0.0,1.7,0.2,16.0,19.7,0,0
SAFE_-34.60_-58.38_2026-05-22,2026-05-22,-34.603,-58.381,0.3,0.8,11.6,6.1,79,8.2,3.0,1.07,0.198,16.0,19.61,0,0
SAFE_51.05_-114.06_2026-05-15,2026-05-15,51.047,-114.058,1.1,0.2,14.2,6.8,55,17.8,7.0,4.14,0.079,1050.0,203.64,0,0
SAFE_51.05_-114.06_2026-05-16,2026-05-16,51.047,-114.058,10.4,1.3,8.6,1.9,99,16.8,18.0,1.15,0.154,1050.0,183.08,0,0
SAFE_51.05_-114.06_2026-05-17,2026-05-17,51.047,-114.058,1.1,11.700000000000001,10.1,0.6,85,20.2,5.0,3.01,0.199,1050.0,189.11,0,0
SAFE_51.05_-114.06_2026-05-18,2026-05-18,51.047,-114.058,1.8,12.8,11.6,0.2,97,15.0,3.0,3.23,0.181,1050.0,175.6,0,0
SAFE_51.05_-114.06_2026-05-19,2026-05-19,51.047,-114.058,2.2,14.600000000000001,15.0,4.0,83,12.8,9.0,3.61,0.155,1050.0,161.55,0,0
SAFE_51.05_-114.06_2026-05-20,2026-05-20,51.047,-114.058,3.6,16.8,11.4,4.2,88,20.8,11.0,3.37,0.143,1050.0,160.06,0,0
SAFE_51.05_-114.06_2026-05-21,2026-05-21,51.047,-114.058,1.4,20.400000000000002,16.1,4.4,80,12.1,2.0,4.36,0.16,1050.0,146.57,0,0
SAFE_51.05_-114.06_2026-05-22,2026-05-22,51.047,-114.058,0.2,21.6,17.8,4.8,76,9.6,2.0,4.11,0.121,1050.0,136.72,0,0
SAFE_-26.20_28.05_2026-05-15,2026-05-15,-26.204,28.047,0.0,0.0,20.1,8.6,92,6.1,0.0,2.88,0.101,1749.0,0.0,0,0
SAFE_-26.20_28.05_2026-05-16,2026-05-16,-26.204,28.047,0.0,0.0,19.1,8.9,83,10.9,0.0,3.01,0.102,1749.0,0.0,0,0
SAFE_-26.20_28.05_2026-05-17,2026-05-17,-26.204,28.047,0.1,0.0,18.2,7.4,91,9.1,1.0,2.28,0.101,1749.0,0.0,0,0
SAFE_-26.20_28.05_2026-05-18,2026-05-18,-26.204,28.047,0.0,0.1,18.1,9.6,81,9.9,0.0,2.56,0.108,1749.0,0.0,0,0
SAFE_-26.20_28.05_2026-05-19,2026-05-19,-26.204,28.047,1.8,0.1,15.5,9.9,84,8.4,7.0,1.84,0.127,1749.0,0.0,0,0
SAFE_-26.20_28.05_2026-05-20,2026-05-20,-26.204,28.047,0.0,1.9000000000000001,16.6,7.2,87,12.0,0.0,2.78,0.128,1749.0,0.0,0,0
SAFE_-26.20_28.05_2026-05-21,2026-05-21,-26.204,28.047,0.0,1.9000000000000001,15.5,6.9,87,10.3,0.0,2.04,0.128,1749.0,0.0,0,0
SAFE_-26.20_28.05_2026-05-22,2026-05-22,-26.204,28.047,0.2,1.9000000000000001,14.8,7.1,97,10.6,2.0,1.87,0.131,1749.0,0.03,0,0
SAFE_22.57_88.36_2026-05-15,2026-05-15,22.572,88.363,1.0,3.5,35.6,27.9,89,14.1,4.0,5.68,0.157,12.0,3.03,0,0
SAFE_22.57_88.36_2026-05-16,2026-05-16,22.572,88.363,0.4,4.5,35.2,27.9,90,15.7,3.0,5.51,0.231,12.0,2.25,0,0
SAFE_22.57_88.36_2026-05-17,2026-05-17,22.572,88.363,4.8,4.9,35.7,28.2,88,14.8,2.0,5.6,0.193,12.0,1.78,0,0
SAFE_22.57_88.36_2026-05-18,2026-05-18,22.572,88.363,6.5,9.7,37.2,29.0,91,15.3,2.0,5.53,0.267,12.0,2.31,0,0
SAFE_22.57_88.36_2026-05-19,2026-05-19,22.572,88.363,0.3,16.2,36.0,28.7,93,17.6,2.0,5.2,0.26,12.0,3.81,0,0
SAFE_22.57_88.36_2026-05-20,2026-05-20,22.572,88.363,0.0,16.5,36.7,28.5,95,10.8,0.0,5.33,0.223,12.0,2.85,0,0
SAFE_22.57_88.36_2026-05-21,2026-05-21,22.572,88.363,0.0,16.5,36.3,28.5,94,12.6,0.0,5.26,0.239,12.0,1.56,0,0
SAFE_22.57_88.36_2026-05-22,2026-05-22,22.572,88.363,0.0,13.0,36.2,29.5,95,13.6,0.0,5.33,0.226,12.0,3.41,0,0
SAFE_23.81_90.41_2026-05-15,2026-05-15,23.81,90.412,0.5,2.5,32.7,26.0,93,13.5,4.0,4.9,0.314,11.0,23.6,0,0
SAFE_23.81_90.41_2026-05-16,2026-05-16,23.81,90.412,3.3,3.0,33.4,25.1,94,13.9,10.0,4.51,0.302,11.0,24.7,0,0
SAFE_23.81_90.41_2026-05-17,2026-05-17,23.81,90.412,0.2,6.3,33.3,24.9,93,16.2,1.0,4.76,0.25,11.0,26.29,0,0
SAFE_23.81_90.41_2026-05-18,2026-05-18,23.81,90.412,2.5,6.5,33.0,24.7,96,17.0,7.0,4.5,0.233,11.0,25.12,0,0
SAFE_23.81_90.41_2026-05-19,2026-05-19,23.81,90.412,0.9,9.0,33.2,26.0,95,12.6,3.0,4.73,0.263,11.0,26.42,0,0
SAFE_23.81_90.41_2026-05-20,2026-05-20,23.81,90.412,1.7,9.9,33.9,26.4,97,9.9,10.0,5.11,0.196,11.0,22.33,0,0
SAFE_23.81_90.41_2026-05-21,2026-05-21,23.81,90.412,2.9,11.6,32.1,27.6,92,12.2,8.0,2.97,0.18,11.0,20.78,0,0
SAFE_23.81_90.41_2026-05-22,2026-05-22,23.81,90.412,5.5,12.0,33.0,27.2,93,11.5,12.0,4.14,0.211,11.0,25.36,0,0
SAFE_6.52_3.38_2026-05-15,2026-05-15,6.524,3.379,6.3,11.9,28.6,25.6,93,13.3,10.0,2.09,0.234,11.0,112.5,0,0
SAFE_6.52_3.38_2026-05-16,2026-05-16,6.524,3.379,1.7,18.2,31.8,26.0,93,13.7,5.0,3.58,0.227,11.0,109.92,0,0
SAFE_6.52_3.38_2026-05-17,2026-05-17,6.524,3.379,13.6,19.9,30.2,26.4,90,18.9,12.0,3.58,0.244,11.0,119.23,0,0
SAFE_6.52_3.38_2026-05-18,2026-05-18,6.524,3.379,5.1,33.5,30.1,24.6,94,12.6,7.0,2.84,0.252,11.0,131.43,0,0
SAFE_6.52_3.38_2026-05-19,2026-05-19,6.524,3.379,8.1,38.6,30.0,26.0,89,9.3,13.0,2.99,0.254,11.0,154.96,0,0
SAFE_6.52_3.38_2026-05-20,2026-05-20,6.524,3.379,3.2,46.699999999999996,30.0,26.1,93,13.3,10.0,4.15,0.255,11.0,173.98,0,0
SAFE_6.52_3.38_2026-05-21,2026-05-21,6.524,3.379,11.4,49.9,30.8,25.7,94,14.2,17.0,4.54,0.257,11.0,160.81,0,0
SAFE_6.52_3.38_2026-05-22,2026-05-22,6.524,3.379,9.0,49.4,28.8,24.1,98,12.9,19.0,3.55,0.278,11.0,161.55,0,0
SAFE_52.37_4.89_2026-05-15,2026-05-15,52.37,4.895,3.3,4.4,10.8,5.9,91,17.7,15.0,2.25,0.31,8.0,0.25,0,0
SAFE_52.37_4.89_2026-05-16,2026-05-16,52.37,4.895,1.1,7.7,12.2,5.8,86,18.0,7.0,3.08,0.339,8.0,0.28,0,0
SAFE_52.37_4.89_2026-05-17,2026-05-17,52.37,4.895,13.8,8.8,14.1,7.9,95,16.2,18.0,2.17,0.388,8.0,0.25,0,0
SAFE_52.37_4.89_2026-05-18,2026-05-18,52.37,4.895,5.8,22.6,14.5,9.0,99,13.7,13.0,2.83,0.447,8.0,0.34,0,0
SAFE_52.37_4.89_2026-05-19,2026-05-19,52.37,4.895,5.0,28.400000000000002,15.9,7.7,93,22.2,8.0,1.83,0.453,8.0,0.41,0,0
SAFE_52.37_4.89_2026-05-20,2026-05-20,52.37,4.895,2.4,33.4,16.5,12.0,95,22.8,11.0,3.18,0.473,8.0,0.37,0,0
SAFE_52.37_4.89_2026-05-21,2026-05-21,52.37,4.895,0.0,35.8,18.5,12.6,94,14.5,0.0,3.6,0.443,8.0,0.37,0,0
SAFE_52.37_4.89_2026-05-22,2026-05-22,52.37,4.895,0.0,31.4,24.0,13.3,89,10.1,0.0,4.86,0.401,8.0,0.25,0,0
SAFE_52.23_21.01_2026-05-15,2026-05-15,52.229,21.012,2.2,1.0,20.6,8.5,96,16.4,3.0,3.48,0.303,116.0,132.05,0,0
SAFE_52.23_21.01_2026-05-16,2026-05-16,52.229,21.012,4.5,3.2,13.6,7.7,100,9.9,9.0,1.47,0.331,116.0,207.93,0,0
SAFE_52.23_21.01_2026-05-17,2026-05-17,52.229,21.012,1.0,7.7,14.4,8.9,94,19.2,7.0,1.87,0.354,116.0,270.64,0,0
SAFE_52.23_21.01_2026-05-18,2026-05-18,52.229,21.012,0.9,8.7,18.8,7.9,98,10.4,4.0,3.55,0.339,116.0,327.1,0,0
SAFE_52.23_21.01_2026-05-19,2026-05-19,52.229,21.012,0.3,9.6,16.5,10.1,98,10.3,3.0,2.24,0.308,116.0,388.94,0,0
SAFE_52.23_21.01_2026-05-20,2026-05-20,52.229,21.012,0.0,9.9,21.5,8.9,97,8.4,0.0,4.48,0.266,116.0,461.38,0,0
SAFE_52.23_21.01_2026-05-21,2026-05-21,52.229,21.012,1.5,9.9,22.7,13.2,92,16.4,7.0,4.41,0.179,116.0,542.25,0,0
SAFE_52.23_21.01_2026-05-22,2026-05-22,52.229,21.012,0.0,10.4,22.2,11.0,98,14.8,0.0,4.82,0.15,116.0,614.18,0,0
SAFE_41.88_-87.63_2026-05-15,2026-05-15,41.878,-87.63,0.8,0.0,22.8,11.8,63,21.1,2.0,5.09,0.018,241.0,29.13,0,0
SAFE_41.88_-87.63_2026-05-16,2026-05-16,41.878,-87.63,3.3,0.8,28.5,16.7,90,19.5,3.0,5.41,0.024,241.0,28.72,0,0
SAFE_41.88_-87.63_2026-05-17,2026-05-17,41.878,-87.63,0.2,4.1,30.2,18.8,87,26.0,2.0,5.77,0.014,241.0,37.28,0,0
SAFE_41.88_-87.63_2026-05-18,2026-05-18,41.878,-87.63,3.6,4.3,26.4,20.7,83,24.7,6.0,4.38,0.034,241.0,89.36,0,0
SAFE_41.88_-87.63_2026-05-19,2026-05-19,41.878,-87.63,0.8,7.9,26.6,17.3,88,24.5,5.0,4.21,0.05,241.0,122.31,0,0
SAFE_41.88_-87.63_2026-05-20,2026-05-20,41.878,-87.63,0.0,8.7,16.6,9.6,75,19.7,0.0,3.94,0.046,241.0,78.62,0,0
SAFE_41.88_-87.63_2026-05-21,2026-05-21,41.878,-87.63,0.4,8.7,13.5,9.4,83,19.1,2.0,3.64,0.033,241.0,45.67,0,0
SAFE_41.88_-87.63_2026-05-22,2026-05-22,41.878,-87.63,0.0,9.1,17.5,11.0,84,19.5,0.0,3.77,0.035,241.0,30.41,0,0
SAFE_29.76_-95.37_2026-05-15,2026-05-15,29.76,-95.369,0.0,0.0,31.1,21.0,92,17.1,0.0,5.69,0.142,17.0,35.31,0,0
SAFE_29.76_-95.37_2026-05-16,2026-05-16,29.76,-95.369,1.1,0.0,31.2,23.0,87,20.2,7.0,5.17,0.143,17.0,27.91,0,0
SAFE_29.76_-95.37_2026-05-17,2026-05-17,29.76,-95.369,5.3,1.1,30.1,24.4,97,22.6,20.0,3.63,0.164,17.0,23.1,0,0
SAFE_29.76_-95.37_2026-05-18,2026-05-18,29.76,-95.369,12.6,6.4,30.2,21.7,96,23.6,13.0,4.45,0.202,17.0,20.48,0,0
SAFE_29.76_-95.37_2026-05-19,2026-05-19,29.76,-95.369,33.6,19.0,29.6,22.1,98,25.8,23.0,3.72,0.329,17.0,23.89,0,0
SAFE_29.76_-95.37_2026-05-20,2026-05-20,29.76,-95.369,60.2,52.6,26.4,19.9,97,12.5,19.0,2.57,0.351,17.0,45.88,0,0
SAFE_29.76_-95.37_2026-05-21,2026-05-21,29.76,-95.369,8.2,112.8,27.1,21.2,98,10.9,12.0,2.57,0.296,17.0,60.94,0,0
SAFE_29.76_-95.37_2026-05-22,2026-05-22,29.76,-95.369,2.2,121.0,30.1,20.1,99,14.4,8.0,4.51,0.296,17.0,67.39,0,0
SAFE_48.86_2.35_2026-05-15,2026-05-15,48.857,2.347,2.7,4.1,12.9,4.8,92,17.3,8.0,2.69,0.34,38.0,3.32,0,0
SAFE_48.86_2.35_2026-05-16,2026-05-16,48.857,2.347,0.6,6.8,14.6,5.7,98,13.3,6.0,3.15,0.316,38.0,3.25,0,0
SAFE_48.86_2.35_2026-05-17,2026-05-17,48.857,2.347,9.5,7.3999999999999995,15.8,10.4,93,11.4,21.0,2.02,0.341,38.0,2.91,0,0
SAFE_48.86_2.35_2026-05-18,2026-05-18,48.857,2.347,2.7,16.9,15.0,8.2,96,14.8,8.0,2.77,0.37,38.0,3.41,0,0
SAFE_48.86_2.35_2026-05-19,2026-05-19,48.857,2.347,4.5,19.6,17.4,10.3,91,20.6,7.0,2.07,0.369,38.0,3.06,0,0
SAFE_48.86_2.35_2026-05-20,2026-05-20,48.857,2.347,2.8,24.1,19.4,12.9,87,19.0,11.0,3.3,0.354,38.0,3.0,0,0
SAFE_48.86_2.35_2026-05-21,2026-05-21,48.857,2.347,0.0,26.9,23.4,10.9,99,8.3,0.0,4.44,0.315,38.0,2.94,0,0
SAFE_48.86_2.35_2026-05-22,2026-05-22,48.857,2.347,0.0,22.8,26.2,13.1,90,5.9,0.0,5.15,0.273,38.0,2.78,0,0
SAFE_-37.81_144.96_2026-05-15,2026-05-15,-37.814,144.963,0.0,0.1,21.4,10.3,88,12.4,0.0,2.05,0.287,19.0,5.41,0,0
SAFE_-37.81_144.96_2026-05-16,2026-05-16,-37.814,144.963,0.0,0.1,22.3,14.9,75,17.1,0.0,2.64,0.252,19.0,5.12,0,0
SAFE_-37.81_144.96_2026-05-17,2026-05-17,-37.814,144.963,20.5,0.1,17.6,13.6,98,13.9,20.0,1.0,0.389,19.0,5.65,0,0
SAFE_-37.81_144.96_2026-05-18,2026-05-18,-37.814,144.963,0.9,20.6,16.6,12.5,100,11.4,7.0,1.14,0.464,19.0,53.58,0,0
SAFE_-37.81_144.96_2026-05-19,2026-05-19,-37.814,144.963,1.1,21.5,15.2,10.3,100,14.7,7.0,1.2,0.441,19.0,40.02,0,0
SAFE_-37.81_144.96_2026-05-20,2026-05-20,-37.814,144.963,1.0,22.6,16.0,10.2,93,13.9,7.0,1.41,0.43,19.0,27.38,0,0
SAFE_-37.81_144.96_2026-05-21,2026-05-21,-37.814,144.963,0.0,23.6,14.5,8.6,94,7.3,0.0,1.02,0.445,19.0,21.7,0,0
SAFE_-37.81_144.96_2026-05-22,2026-05-22,-37.814,144.963,0.0,23.5,15.4,6.1,100,6.9,0.0,1.28,0.432,19.0,14.14,0,0
SAFE_23.13_113.26_2026-05-15,2026-05-15,23.129,113.264,27.8,23.4,31.1,23.1,98,11.8,18.0,3.66,0.413,21.0,3.66,0,0
SAFE_23.13_113.26_2026-05-16,2026-05-16,23.129,113.264,0.8,51.2,29.5,23.6,97,15.0,5.0,4.16,0.388,21.0,16.02,0,0
SAFE_23.13_113.26_2026-05-17,2026-05-17,23.129,113.264,1.7,52.0,27.5,23.1,86,17.6,7.0,3.42,0.366,21.0,18.54,0,0
SAFE_23.13_113.26_2026-05-18,2026-05-18,23.129,113.264,5.8,53.7,28.5,23.5,96,19.1,13.0,3.08,0.349,21.0,5.15,0,0
SAFE_23.13_113.26_2026-05-19,2026-05-19,23.129,113.264,25.9,59.5,25.4,23.6,97,17.3,19.0,0.98,0.389,21.0,4.25,0,0
SAFE_23.13_113.26_2026-05-20,2026-05-20,23.129,113.264,37.1,85.39999999999999,27.1,24.1,97,13.6,23.0,1.56,0.406,21.0,13.22,0,0
SAFE_23.13_113.26_2026-05-21,2026-05-21,23.129,113.264,35.0,122.5,29.5,24.1,98,12.5,24.0,2.34,0.401,21.0,22.55,0,0
SAFE_23.13_113.26_2026-05-22,2026-05-22,23.129,113.264,5.3,134.1,31.4,24.8,99,14.1,13.0,3.94,0.38,21.0,16.14,0,0
SAFE_18.55_73.94_2026-05-15,2026-05-15,18.551,73.94,0.0,0.0,36.9,25.9,66,17.5,0.0,7.7,0.181,566.0,0.16,0,0
SAFE_18.55_73.94_2026-05-16,2026-05-16,18.551,73.94,0.0,0.0,38.9,24.0,86,17.8,0.0,6.95,0.181,566.0,0.16,0,0
SAFE_18.55_73.94_2026-05-17,2026-05-17,18.551,73.94,0.3,0.0,39.5,25.6,84,19.9,1.0,7.26,0.179,566.0,0.16,0,0
SAFE_18.55_73.94_2026-05-18,2026-05-18,18.551,73.94,0.0,0.3,40.0,25.5,69,21.8,0.0,7.2,0.176,566.0,0.16,0,0
SAFE_18.55_73.94_2026-05-19,2026-05-19,18.551,73.94,0.7,0.3,37.0,25.4,77,17.8,3.0,7.13,0.184,566.0,0.16,0,0
SAFE_18.55_73.94_2026-05-20,2026-05-20,18.551,73.94,1.2,1.0,36.4,24.4,83,17.2,3.0,6.3,0.19,566.0,0.22,0,0
SAFE_18.55_73.94_2026-05-21,2026-05-21,18.551,73.94,0.9,2.1999999999999997,38.0,24.5,84,20.1,2.0,6.65,0.186,566.0,0.22,0,0
SAFE_18.55_73.94_2026-05-22,2026-05-22,18.551,73.94,4.1,3.1,37.1,25.9,83,14.1,5.0,5.38,0.201,566.0,0.16,0,0
SAFE_28.70_77.10_2026-05-15,2026-05-15,28.7,77.1,0.0,0.0,39.5,27.2,64,18.2,0.0,7.36,0.098,223.0,4.75,0,0
SAFE_28.70_77.10_2026-05-16,2026-05-16,28.7,77.1,0.0,0.0,40.0,27.2,51,17.4,0.0,7.65,0.098,223.0,3.84,0,0
SAFE_28.70_77.10_2026-05-17,2026-05-17,28.7,77.1,0.0,0.0,41.0,28.4,42,20.9,0.0,8.51,0.093,223.0,3.81,0,0
SAFE_28.70_77.10_2026-05-18,2026-05-18,28.7,77.1,0.0,0.0,43.1,28.5,46,17.7,0.0,8.66,0.093,223.0,3.81,0,0
SAFE_28.70_77.10_2026-05-19,2026-05-19,28.7,77.1,0.0,0.0,44.3,29.9,34,17.5,0.0,9.34,0.093,223.0,3.81,0,0
SAFE_28.70_77.10_2026-05-20,2026-05-20,28.7,77.1,0.0,0.0,43.7,30.9,28,12.5,0.0,8.47,0.093,223.0,3.79,0,0
SAFE_28.70_77.10_2026-05-21,2026-05-21,28.7,77.1,0.0,0.0,42.7,32.5,33,19.3,0.0,10.1,0.093,223.0,3.79,0,0
SAFE_28.70_77.10_2026-05-22,2026-05-22,28.7,77.1,0.0,0.0,42.2,30.6,28,20.5,0.0,8.89,0.093,223.0,3.79,0,0
SAFE_27.00_71.50_2026-05-15,2026-05-15,27.0,71.5,0.0,0.3,38.8,28.5,46,15.4,0.0,7.85,0.044,204.0,0.0,0,0
SAFE_27.00_71.50_2026-05-16,2026-05-16,27.0,71.5,0.0,0.3,40.8,27.9,57,13.4,0.0,7.4,0.044,204.0,0.0,0,0
SAFE_27.00_71.50_2026-05-17,2026-05-17,27.0,71.5,0.0,0.3,43.0,30.0,45,15.1,0.0,9.35,0.044,204.0,0.0,0,0
SAFE_27.00_71.50_2026-05-18,2026-05-18,27.0,71.5,0.0,0.3,43.0,29.9,23,20.1,0.0,11.12,0.044,204.0,0.0,0,0
SAFE_27.00_71.50_2026-05-19,2026-05-19,27.0,71.5,0.0,0.3,41.8,26.4,60,16.4,0.0,8.94,0.044,204.0,0.0,0,0
SAFE_27.00_71.50_2026-05-20,2026-05-20,27.0,71.5,0.0,0.3,42.2,29.4,58,21.1,0.0,9.96,0.041,204.0,0.0,0,0
SAFE_27.00_71.50_2026-05-21,2026-05-21,27.0,71.5,0.0,0.3,40.5,27.8,47,20.7,0.0,9.78,0.041,204.0,0.0,0,0
SAFE_27.00_71.50_2026-05-22,2026-05-22,27.0,71.5,0.0,0.0,41.5,28.2,54,14.2,0.0,7.95,0.044,204.0,0.0,0,0
